"","host_species","betacov","pred"
"1","Acerodon celebensis",1,0.2132329483922
"2","Anoura caudifer",0,0.0477053002865661
"3","Anoura geoffroyi",0,0.111956487925311
"4","Antrozous pallidus",0,0.0132667837218763
"5","Artibeus cinereus",0,0.0873803764636578
"6","Artibeus fimbriatus",0,0.0744207434746608
"7","Artibeus jamaicensis",1,0.280020979533053
"8","Artibeus lituratus",1,0.250230351407552
"9","Artibeus obscurus",1,0.12399638028019
"10","Artibeus phaeotis",1,0.155659048300304
"11","Artibeus toltecus",0,0.156722255831099
"12","Aselliscus stoliczkanus",1,0.436049485714056
"13","Barbastella barbastellus",0,0.389607015975568
"14","Cardioderma cor",0,0.13622434921423
"15","Carollia brevicauda",0,0.18115802482186
"16","Carollia perspicillata",1,0.183720265153621
"17","Carollia sowelli",1,0.158131328386009
"18","Carollia subrufa",0,0.0776298198415936
"19","Chaerephon plicatus",1,0.496866374550134
"20","Chaerephon pumilus",1,0.412467899496803
"21","Chalinolobus gouldii",0,0.0831936980764795
"22","Chalinolobus morio",0,0.0613621237162923
"23","Chrotopterus auritus",0,0.0188562703862906
"24","Corynorhinus townsendii",0,0.00912687774005677
"25","Cynomops abrasus",0,0.0374793081451259
"26","Cynomops planirostris",0,0.0367512310832475
"27","Cynopterus brachyotis",1,0.619395715650756
"28","Cynopterus horsfieldii",1,0.47441221929427
"29","Cynopterus sphinx",1,0.706462841811678
"30","Desmodus rotundus",1,0.0562047373565355
"31","Diaemus youngi",0,0.0560403864399131
"32","Diclidurus albus",0,0.0780480583507946
"33","Diphylla ecaudata",0,0.0729373812533394
"34","Dobsonia anderseni",0,0.0880234381311188
"35","Dobsonia moluccensis",1,0.160775422077913
"36","Dyacopterus spadiceus",1,0.506715009889349
"37","Eidolon dupreanum",1,0.234494114982851
"38","Eidolon helvum",1,0.631805451174352
"39","Eonycteris spelaea",1,0.684647712542797
"40","Epomophorus gambianus",1,0.66101791728582
"41","Epomophorus labiatus",1,0.577533475665138
"42","Epomophorus wahlbergi",0,0.424818647126025
"43","Epomops buettikoferi",1,0.454345142326378
"44","Epomops dobsonii",0,0.274601868979229
"45","Epomops franqueti",1,0.514461686625556
"46","Eptesicus brasiliensis",0,0.0675369001898257
"47","Eptesicus diminutus",0,0.0172565700511572
"48","Eptesicus furinalis",0,0.0774238896585466
"49","Eptesicus fuscus",0,0.0781209145979846
"50","Eptesicus nilssonii",1,0.41744330967066
"51","Eptesicus serotinus",1,0.555175429568539
"52","Euderma maculatum",0,0.0380929049458864
"53","Eumops auripendulus",0,0.0919005787057374
"54","Eumops glaucinus",1,0.109175949889581
"55","Eumops patagonicus",0,0.00648804812287755
"56","Eumops perotis",0,0.106650302456358
"57","Falsistrellus mackenziei",0,0.051567859517205
"58","Glauconycteris argentata",0,0.207845030125603
"59","Glauconycteris variegata",1,0.407266978639998
"60","Glossophaga commissarisi",0,0.0423813737066866
"61","Glossophaga longirostris",0,0.0325366790659539
"62","Glossophaga morenoi",0,0.0271036458757176
"63","Glossophaga soricina",0,0.0801808787678872
"64","Hipposideros abae",0,0.271897431877785
"65","Hipposideros armiger",1,0.487087183315552
"66","Hipposideros bicolor",0,0.269139103116305
"67","Hipposideros caffer",1,0.516760468387631
"68","Hipposideros cervinus",1,0.199637877183866
"69","Hipposideros cineraceus",0,0.390223585708837
"70","Hipposideros commersoni",1,0.487140276692903
"71","Hipposideros diadema",0,0.285408594678737
"72","Hipposideros fuliginosus",1,0.285669433765321
"73","Hipposideros galeritus",1,0.491781808761272
"74","Hipposideros gigas",1,0.438119756727251
"75","Hipposideros lankadiva",0,0.396802128296101
"76","Hipposideros larvatus",1,0.479771794977786
"77","Hipposideros lekaguli",1,0.29032883692376
"78","Hipposideros pomona",1,0.442691405122792
"79","Hipposideros pratti",1,0.449186404888787
"80","Hipposideros ruber",1,0.416080108620628
"81","Hipposideros speoris",0,0.389852622027347
"82","Hipposideros vittatus",0,0.371031129634327
"83","Histiotus montanus",0,0.0259890792634429
"84","Histiotus velatus",0,0.034021251783166
"85","Hypsignathus monstrosus",0,0.56463002089146
"86","Hypsugo pulveratus",1,0.420780095822663
"87","Hypsugo savii",1,0.458097691377741
"88","Ia io",1,0.453166791121519
"89","Lasionycteris noctivagans",0,0.0477430265926826
"90","Lasiurus blossevillii",0,0.0449377465731387
"91","Lasiurus borealis",0,0.0585465739198941
"92","Lasiurus cinereus",0,0.0758229228894055
"93","Lasiurus ega",0,0.102199332555875
"94","Lasiurus egregius",0,0.0194606162701653
"95","Lasiurus intermedius",0,0.0699984940761986
"96","Lasiurus seminolus",0,0.0482801245077068
"97","Lasiurus xanthinus",0,0.0254409812317056
"98","Leptonycteris curasoae",0,0.0527628103868252
"99","Leptonycteris nivalis",0,0.0665657749440085
"100","Lichonycteris obscura",0,0.0873664893356513
"101","Lissonycteris angolensis",1,0.640917520859256
"102","Lonchophylla robusta",0,0.0240063393393026
"103","Lonchorhina aurita",0,0.0215823347576501
"104","Lophostoma silvicolum",0,0.0166686886213404
"105","Macroglossus minimus",1,0.483487854052463
"106","Macrotus californicus",0,0.00619885993706201
"107","Megaerops ecaudatus",1,0.616121504938802
"108","Megaerops kusnotoi",1,0.235586783546651
"109","Megaerops niphanae",1,0.656017793421706
"110","Megaloglossus woermanni",1,0.483957372781938
"111","Mesophylla macconnelli",0,0.0650197797207513
"112","Micronycteris megalotis",0,0.00786397240351878
"113","Micropteropus pusillus",1,0.661775821858641
"114","Mimon crenulatum",0,0.0163684394089349
"115","Miniopterus australis",0,0.150781031125352
"116","Miniopterus inflatus",0,0.264590216252268
"117","Miniopterus magnater",0,0.335445058180176
"118","Miniopterus natalensis",0,0.111054573321715
"119","Miniopterus pusillus",0,0.324701487558165
"120","Miniopterus schreibersii",1,0.506418929905328
"121","Molossops neglectus",0,0.0144096756603869
"122","Molossus molossus",0,0.079053638783072
"123","Molossus rufus",0,0.0642830589253815
"124","Mops condylurus",1,0.490817832048553
"125","Mormoops megalophylla",0,0.0839803916056944
"126","Murina aurata",0,0.27873896451509
"127","Murina leucogaster",0,0.389570468342961
"128","Myonycteris torquata",1,0.62569153845652
"129","Myotis albescens",0,0.0575955935568549
"130","Myotis austroriparius",0,0.0395380375095077
"131","Myotis blythii",0,0.430101534820816
"132","Myotis brandtii",0,0.440802599931884
"133","Myotis californicus",0,0.0384572904695987
"134","Myotis capaccinii",0,0.39562621067369
"135","Myotis chiloensis",0,0.00353458243028676
"136","Myotis dasycneme",1,0.477685144704704
"137","Myotis daubentonii",1,0.468047278487983
"138","Myotis davidii",0,0.0619273198760383
"139","Myotis emarginatus",1,0.184769989773962
"140","Myotis evotis",0,0.00527566142263199
"141","Myotis grisescens",0,0.0424620807299316
"142","Myotis horsfieldii",1,0.384490157029069
"143","Myotis keenii",0,0.017146262272955
"144","Myotis leibii",0,0.0419247955897281
"145","Myotis levis",0,0.0112086503924537
"146","Myotis longipes",0,0.219953095050183
"147","Myotis lucifugus",0,0.0913009858124438
"148","Myotis macrodactylus",0,0.265598715216975
"149","Myotis macropus",0,0.0330652802755091
"150","Myotis myotis",0,0.163205464334597
"151","Myotis mystacinus",0,0.0619273198760383
"152","Myotis nattereri",0,0.163823865748479
"153","Myotis nigricans",0,0.0605166268165361
"154","Myotis pequinius",1,0.314900876027606
"155","Myotis punicus",1,0.229590141565213
"156","Myotis ricketti",1,0.40152296260194
"157","Myotis riparius",0,0.0545750116597716
"158","Myotis septentrionalis",0,0.0326351545860772
"159","Myotis thysanodes",0,0.0460505170499826
"160","Myotis velifer",0,0.0398386717582645
"161","Myotis volans",0,0.0362481169221666
"162","Myotis yumanensis",0,0.0346554060776745
"163","Mystacina tuberculata",0,0.0120508869129442
"164","Nanonycteris veldkampii",1,0.58637673371337
"165","Natalus stramineus",0,0.0959181609814907
"166","Natalus tumidirostris",0,0.0302744603353009
"167","Neoromicia capensis",1,0.390339244565599
"168","Neoromicia nanus",0,0.386763504520388
"169","Neoromicia somalicus",1,0.389997463389877
"170","Nyctalus lasiopterus",0,0.413244154808963
"171","Nyctalus noctula",1,0.535952631509748
"172","Nyctalus plancyi",0,0.286571884775672
"173","Nycteris gambiensis",1,0.256062091362356
"174","Nycteris macrotis",1,0.468195816942876
"175","Nycteris nana",0,0.225471829613938
"176","Nycteris thebaica",0,0.470838898688008
"177","Nycticeius humeralis",0,0.0509219730943952
"178","Nyctinomops laticaudatus",1,0.100178997300058
"179","Nyctinomops macrotis",0,0.109983941397996
"180","Philetor brachypterus",0,0.221138608894035
"181","Phyllostomus discolor",0,0.0257443369365275
"182","Phyllostomus hastatus",0,0.0172087322523667
"183","Pipistrellus abramus",1,0.391335562133926
"184","Pipistrellus coromandra",1,0.364964277903847
"185","Pipistrellus deserti",1,0.320626559083289
"186","Pipistrellus hesperidus",1,0.369010850679514
"187","Pipistrellus hesperus",0,0.0377649566179055
"188","Pipistrellus inexspectatus",0,0.208928257246077
"189","Pipistrellus kuhlii",1,0.429170693234033
"190","Pipistrellus nathusii",1,0.384638923782401
"191","Pipistrellus pipistrellus",1,0.445891784320302
"192","Pipistrellus pygmaeus",1,0.330926649545377
"193","Pipistrellus subflavus",0,0.0589270876453077
"194","Platyrrhinus helleri",0,0.110534602140964
"195","Platyrrhinus lineatus",0,0.134327474012902
"196","Plecotus auritus",1,0.22172768722532
"197","Ptenochirus jagori",1,0.420151022841717
"198","Pteronotus davyi",1,0.0964418673698553
"199","Pteronotus parnellii",1,0.118818010925226
"200","Pteronotus personatus",1,0.122282514344362
"201","Pteropus admiralitatum",0,0.0802683450244415
"202","Pteropus alecto",1,0.222544347765989
"203","Pteropus capistratus",0,0.0428083848294891
"204","Pteropus conspicillatus",1,0.214839892302748
"205","Pteropus giganteus",1,0.573032833878421
"206","Pteropus hypomelanus",0,0.361810918372647
"207","Pteropus lylei",1,0.484651520087676
"208","Pteropus neohibernicus",0,0.0997082179965793
"209","Pteropus poliocephalus",0,0.135706044798847
"210","Pteropus rufus",1,0.18568587518871
"211","Pteropus scapulatus",0,0.222529096675293
"212","Pteropus vampyrus",0,0.388203774915324
"213","Rhinolophus acuminatus",1,0.299962247954294
"214","Rhinolophus affinis",1,0.494612001703095
"215","Rhinolophus blasii",1,0.491703047541965
"216","Rhinolophus capensis",0,0.0645245204400784
"217","Rhinolophus clivosus",1,0.359780767657772
"218","Rhinolophus coelophyllus",0,0.400513380814582
"219","Rhinolophus cornutus",1,0.283566583425715
"220","Rhinolophus creaghi",1,0.101746072404144
"221","Rhinolophus eloquens",0,0.188716302379104
"222","Rhinolophus euryale",1,0.45462784154492
"223","Rhinolophus ferrumequinum",1,0.524329083864114
"224","Rhinolophus hildebrandtii",0,0.215655091979478
"225","Rhinolophus hipposideros",1,0.444547690020104
"226","Rhinolophus macrotis",1,0.431971297096976
"227","Rhinolophus malayanus",1,0.408263063979379
"228","Rhinolophus megaphyllus",0,0.0770578164194603
"229","Rhinolophus mehelyi",1,0.457087772576848
"230","Rhinolophus monoceros",1,0.118905757765015
"231","Rhinolophus pearsonii",1,0.49682813209383
"232","Rhinolophus pusillus",1,0.339903248438648
"233","Rhinolophus rex",1,0.369622332513934
"234","Rhinolophus rouxii",0,0.394101178835692
"235","Rhinolophus shameli",1,0.428912239127896
"236","Rhinolophus simulator",0,0.317869729934186
"237","Rhinolophus sinicus",1,0.340163975319118
"238","Rhinolophus stheno",1,0.404371504238918
"239","Rhinolophus thomasi",1,0.439457573185929
"240","Rhinonicteris aurantia",1,0.137219791756857
"241","Rhinopoma hardwickii",1,0.552654064986055
"242","Rhynchonycteris naso",0,0.0629871085436259
"243","Rousettus aegyptiacus",1,0.706164944162253
"244","Rousettus amplexicaudatus",1,0.518379438398663
"245","Rousettus leschenaultii",1,0.739908270928494
"246","Saccolaimus flaviventris",0,0.107180988040853
"247","Saccolaimus saccolaimus",0,0.450043215271189
"248","Scotophilus dinganii",1,0.396075092334122
"249","Scotophilus heathii",1,0.479227169434406
"250","Scotophilus kuhlii",1,0.118003827986584
"251","Scotophilus leucogaster",1,0.45991600062276
"252","Scotophilus nigrita",0,0.451917780845572
"253","Scotophilus nux",0,0.233722074953137
"254","Sturnira erythromos",0,0.103453167512288
"255","Sturnira lilium",0,0.18547237879007
"256","Sturnira ludovici",0,0.18497016050849
"257","Sturnira tildae",0,0.138617373983462
"258","Syconycteris australis",0,0.153807384525205
"259","Tadarida brasiliensis",0,0.0645914808503102
"260","Tadarida teniotis",1,0.534279341357025
"261","Taphozous melanopogon",0,0.484965479605351
"262","Taphozous perforatus",1,0.523691438760421
"263","Taphozous theobaldi",0,0.426580319267583
"264","Triaenops persicus",1,0.447091935072673
"265","Tylonycteris pachypus",1,0.383963453233156
"266","Tylonycteris robustula",0,0.386599628526764
"267","Uroderma bilobatum",0,0.2045937166938
"268","Vampyrodes caraccioli",0,0.122608497704682
"269","Vespadelus baverstocki",0,0.0417847827409971
"270","Vespadelus pumilus",0,0.0440926943294259
"271","Vespadelus regulus",0,0.0617302699146928
"272","Vespertilio murinus",1,0.46788683318997
"273","Vespertilio sinensis",1,0.38388381278508
"274","Emballonura alecto",0,0.260411836335577
"275","Haplonycteris fischeri",0,0.413372788216984
"276","Miniopterus tristis",0,0.211887647964231
"277","Myotis chinensis",0,0.45674863678782
"278","Myotis fimbriatus",0,0.212579959052655
"279","Nycteris hispida",0,0.423984007596363
"280","Pipistrellus javanicus",0,0.408683867711098
"281","Rhinolophus arcuatus",0,0.215463401582202
"282","Rhinolophus rufus",0,0.131486872311984
"283","Acerodon humilis",0,0.0739784238876107
"284","Acerodon jubatus",0,0.303834586199458
"285","Acerodon leucotis",0,0.174586709661706
"286","Acerodon mackloti",0,0.157694812664923
"287","Aethalops aequalis",0,0.126471260454345
"288","Aethalops alecto",0,0.312673005777685
"289","Alionycteris paucidentata",0,0.165873877919848
"290","Ametrida centurio",0,0.0742737029118589
"291","Amorphochilus schnablii",0,0.00837975632474377
"292","Anoura cultrata",0,0.0345246212449857
"293","Anoura latidens",0,0.0416501220192064
"294","Anoura luismanueli",0,0.0110772991203252
"295","Anthops ornatus",0,0.0181191411845058
"296","Aproteles bulmerae",0,0.0848421637128187
"297","Ardops nichollsi",0,0.0301971298015725
"298","Arielulus aureocollaris",0,0.117800892566819
"299","Arielulus circumdatus",0,0.359666630508331
"300","Arielulus cuprosus",0,0.0350129869601518
"301","Arielulus societatis",0,0.0605160728953129
"302","Arielulus torquatus",0,0.108191857002478
"303","Ariteus flavescens",0,0.0119230149529755
"304","Artibeus amplus",0,0.0551188916375617
"305","Artibeus anderseni",0,0.0302783876391307
"306","Artibeus aztecus",0,0.14229419151055
"307","Artibeus concolor",0,0.117466187046384
"308","Artibeus fraterculus",0,0.0452009987365439
"309","Artibeus glaucus",0,0.133012441807761
"310","Artibeus gnomus",0,0.135394378468405
"311","Artibeus hirsutus",0,0.107985150724887
"312","Artibeus incomitatus",0,0.00397449958394182
"313","Artibeus inopinatus",0,0.0800441435936401
"314","Artibeus watsoni",0,0.0799360919274546
"315","Asellia patrizii",0,0.168174375491163
"316","Asellia tridens",0,0.442689908325644
"317","Aselliscus tricuspidatus",0,0.0419183431520472
"318","Balantiopteryx infusca",0,0.00858106487277616
"319","Balantiopteryx io",0,0.0189341075740696
"320","Balantiopteryx plicata",0,0.0478869352535929
"321","Balionycteris maculata",0,0.379998822355771
"322","Barbastella leucomelas",0,0.380352412559528
"323","Bauerus dubiaquercus",0,0.0246997439847533
"324","Brachyphylla cavernarum",0,0.0651310720669353
"325","Brachyphylla nana",0,0.109458256654412
"326","Carollia castanea",0,0.0955251483449814
"327","Carollia colombiana",0,0.0115363838883739
"328","Casinycteris argynnis",0,0.293241819541331
"329","Centronycteris centralis",0,0.0204411211800536
"330","Centronycteris maximiliani",0,0.0529922739387603
"331","Centurio senex",0,0.173892494140861
"332","Chaerephon aloysiisabaudiae",0,0.143165435688771
"333","Chaerephon ansorgei",0,0.183909996044554
"334","Chaerephon bemmeleni",0,0.264136897108811
"335","Chaerephon bivittatus",0,0.351446871781991
"336","Chaerephon bregullae",0,0.0072496538614345
"337","Chaerephon chapini",0,0.101225493045799
"338","Chaerephon gallagheri",0,0.021150965635898
"339","Chaerephon jobensis",0,0.138251090622268
"340","Chaerephon johorensis",0,0.0859647106077156
"341","Chaerephon leucogaster",0,0.298799124622212
"342","Chaerephon major",0,0.425680065209075
"343","Chaerephon nigeriae",0,0.346640928274341
"344","Chaerephon russatus",0,0.254893980038443
"345","Chaerephon shortridgei",0,0.0526027836728006
"346","Chaerephon solomonis",0,0.00957423292880513
"347","Chaerephon tomensis",0,0.0162505308628252
"348","Chalinolobus dwyeri",0,0.0449122641041922
"349","Chalinolobus neocaledonicus",0,0.00638568388026967
"350","Chalinolobus nigrogriseus",0,0.0809180115737732
"351","Chalinolobus picatus",0,0.0374277892885646
"352","Chalinolobus tuberculatus",0,0.0262513082431885
"353","Cheiromeles parvidens",0,0.0910910144753854
"354","Cheiromeles torquatus",0,0.22976016922255
"355","Chilonatalus micropus",0,0.0207159057977633
"356","Chilonatalus tumidifrons",0,0.00199012231021414
"357","Chiroderma doriae",0,0.0829494166583858
"358","Chiroderma improvisum",0,0.0257400263300517
"359","Chiroderma salvini",0,0.175810152637408
"360","Chiroderma trinitatum",0,0.0788635779818248
"361","Chiroderma villosum",0,0.149703019192794
"362","Chironax melanocephalus",0,0.316892777317696
"363","Choeroniscus godmani",0,0.0596006394681241
"364","Choeroniscus minor",0,0.0240444908670608
"365","Choeroniscus periosus",0,0.00652440036532457
"366","Choeronycteris mexicana",0,0.066557959913486
"367","Cistugo lesueuri",0,0.0272590928644726
"368","Cistugo seabrae",0,0.0366695891360016
"369","Cloeotis percivali",0,0.0895596928679491
"370","Coelops frithii",0,0.192088455295509
"371","Coelops robinsoni",0,0.0276521401099594
"372","Coleura afra",0,0.472470011139409
"373","Coleura seychellensis",0,0.021716042491613
"374","Cormura brevirostris",0,0.0345485941825387
"375","Corynorhinus mexicanus",0,0.00349037138320608
"376","Corynorhinus rafinesquii",0,0.0106592630425355
"377","Craseonycteris thonglongyai",0,0.0972171646971501
"378","Cynomops greenhalli",0,0.0385172932874411
"379","Cynomops mexicanus",0,0.0261880691637121
"380","Cynomops paranus",0,0.0375398612517607
"381","Cynopterus luzoniensis",0,0.135007365439596
"382","Cynopterus minutus",0,0.313635090061043
"383","Cynopterus nusatenggara",0,0.110233261421865
"384","Cynopterus titthaecheilus",0,0.32403899455713
"385","Cyttarops alecto",0,0.0152573628553779
"386","Diclidurus ingens",0,0.0136660878487286
"387","Diclidurus isabellus",0,0.00996897863480337
"388","Diclidurus scutatus",0,0.0151128816810308
"389","Dobsonia beauforti",0,0.10075288186901
"390","Dobsonia chapmani",0,0.182360479127637
"391","Dobsonia crenulata",0,0.164884764520628
"392","Dobsonia emersa",0,0.0965641372692493
"393","Dobsonia exoleta",0,0.197814936738906
"394","Dobsonia inermis",0,0.0733997884024308
"395","Dobsonia magna",0,0.144003511760997
"396","Dobsonia minor",0,0.148782634355943
"397","Dobsonia pannietensis",0,0.0573919119236529
"398","Dobsonia peronii",0,0.160423324834985
"399","Dobsonia praedatrix",0,0.0765073656292619
"400","Dobsonia viridis",0,0.207115385475991
"401","Dyacopterus brooksi",0,0.143886624261673
"402","Ectophylla alba",0,0.0386207974333221
"403","Emballonura atrata",0,0.0569594409581045
"404","Emballonura beccarii",0,0.0209508429888277
"405","Emballonura dianae",0,0.0127488283288651
"406","Emballonura furax",0,0.0192260601075597
"407","Emballonura monticola",0,0.189946062509327
"408","Emballonura raffrayana",0,0.0630101739614513
"409","Emballonura semicaudata",0,0.0341394341542081
"410","Emballonura serii",0,0.00776210934815482
"411","Enchisthenes hartii",0,0.173490519557682
"412","Eonycteris major",0,0.256148629514088
"413","Eonycteris robusta",0,0.389507510611311
"414","Epomophorus angolensis",0,0.16933925282272
"415","Epomophorus crypturus",0,0.248523170493426
"416","Epomophorus grandis",0,0.1888096779691
"417","Epomophorus minimus",0,0.361160704583105
"418","Epomophorus minor",0,0.235940063420407
"419","Eptesicus andinus",0,0.0153125671258566
"420","Eptesicus bobrinskoi",0,0.146286463917083
"421","Eptesicus bottae",0,0.327727385671769
"422","Eptesicus chiriquinus",0,0.0142119709927784
"423","Eptesicus dimissus",0,0.0822765825163901
"424","Eptesicus floweri",0,0.14519312815508
"425","Eptesicus gobiensis",0,0.24236882296264
"426","Eptesicus guadeloupensis",0,0.00524227462075014
"427","Eptesicus hottentotus",0,0.146294870076763
"428","Eptesicus innoxius",0,0.00678021122895154
"429","Eptesicus japonensis",0,0.151449425381052
"430","Eptesicus kobayashii",0,0.0931181419737668
"431","Eptesicus matroka",0,0.0801123966445211
"432","Eptesicus nasutus",0,0.25241836106191
"433","Eptesicus pachyotis",0,0.300875346227876
"434","Eptesicus platyops",0,0.207069399387322
"435","Eptesicus tatei",0,0.157613202448166
"436","Erophylla bombifrons",0,0.0281277016108704
"437","Erophylla sezekorni",0,0.0517980952732456
"438","Eudiscopus denticulus",0,0.230059169836123
"439","Eumops bonariensis",0,0.0714145461765035
"440","Eumops dabbenei",0,0.0483460834951462
"441","Eumops hansae",0,0.0184583489612981
"442","Eumops maurus",0,0.00987848309214299
"443","Eumops trumbulli",0,0.017856709144203
"444","Eumops underwoodi",0,0.048911651984407
"445","Falsistrellus affinis",0,0.272548311424282
"446","Falsistrellus mordax",0,0.0947654885706417
"447","Falsistrellus petersi",0,0.211161788783936
"448","Falsistrellus tasmaniensis",0,0.0676958772122592
"449","Furipterus horrens",0,0.0394524080918564
"450","Glauconycteris alboguttata",0,0.0510669676904292
"451","Glauconycteris beatrix",0,0.178982167043004
"452","Glauconycteris curryae",0,0.0482926371134779
"453","Glauconycteris egeria",0,0.089674742042624
"454","Glauconycteris gleni",0,0.146999984375201
"455","Glauconycteris humeralis",0,0.0806620129392559
"456","Glauconycteris kenyacola",0,0.0304911308687385
"457","Glauconycteris machadoi",0,0.0148168703813146
"458","Glauconycteris poensis",0,0.294629015049023
"459","Glauconycteris superba",0,0.169231801404661
"460","Glischropus javanus",0,0.0279737927778124
"461","Glischropus tylopus",0,0.270005758692934
"462","Glossophaga leachii",0,0.0316084506867176
"463","Glyphonycteris behnii",0,0.000822894325086324
"464","Glyphonycteris daviesi",0,0.00628486973833882
"465","Glyphonycteris sylvestris",0,0.0115200205435105
"466","Harpiocephalus harpia",0,0.387306747353768
"467","Harpiocephalus mordax",0,0.322351655882601
"468","Harpyionycteris celebensis",0,0.182355214415665
"469","Harpyionycteris whiteheadi",0,0.411862755823965
"470","Hesperoptenus blanfordi",0,0.251534735132049
"471","Hesperoptenus doriae",0,0.0472659737229088
"472","Hesperoptenus gaskelli",0,0.0178363872974189
"473","Hesperoptenus tickelli",0,0.393450812698616
"474","Hesperoptenus tomesi",0,0.064938586925991
"475","Hipposideros ater",0,0.420602388862466
"476","Hipposideros beatus",0,0.24978441463532
"477","Hipposideros breviceps",0,0.0171422489648855
"478","Hipposideros calcaratus",0,0.0350537255934248
"479","Hipposideros camerunensis",0,0.100779414499329
"480","Hipposideros coronatus",0,0.0598088049643121
"481","Hipposideros corynophyllus",0,0.0151090049541005
"482","Hipposideros coxi",0,0.0525996961587777
"483","Hipposideros crumeniferus",0,0.0392786651684795
"484","Hipposideros curtus",0,0.0837394842957497
"485","Hipposideros cyclops",0,0.331443395777092
"486","Hipposideros demissus",0,0.00717272440530274
"487","Hipposideros dinops",0,0.0157460005643341
"488","Hipposideros doriae",0,0.0461045125424537
"489","Hipposideros durgadasi",0,0.149518195630576
"490","Hipposideros dyacorum",0,0.066334700414375
"491","Hipposideros edwardshilli",0,0.00696127532695656
"492","Hipposideros fulvus",0,0.372597317960636
"493","Hipposideros grandis",0,0.240159071580205
"494","Hipposideros halophyllus",0,0.20930443424184
"495","Hipposideros hypophyllus",0,0.149599617942137
"496","Hipposideros inexpectatus",0,0.0304377508522638
"497","Hipposideros inornatus",0,0.0741898210692545
"498","Hipposideros jonesi",0,0.284761316957911
"499","Hipposideros lamottei",0,0.196179200086359
"500","Hipposideros lylei",0,0.395536327745423
"501","Hipposideros macrobullatus",0,0.0324769841352258
"502","Hipposideros madurae",0,0.0838132039413409
"503","Hipposideros maggietaylorae",0,0.0428626112472979
"504","Hipposideros marisae",0,0.0759781989628946
"505","Hipposideros megalotis",0,0.153097074292533
"506","Hipposideros muscinus",0,0.0273187280898133
"507","Hipposideros nequam",0,0.052395964215493
"508","Hipposideros obscurus",0,0.205551213752191
"509","Hipposideros orbiculus",0,0.0392349202554078
"510","Hipposideros papua",0,0.0461540231705685
"511","Hipposideros pelingensis",0,0.0291432427951357
"512","Hipposideros pygmaeus",0,0.203341778910747
"513","Hipposideros ridleyi",0,0.134086974449951
"514","Hipposideros rotalis",0,0.168442749944579
"515","Hipposideros scutinares",0,0.0619273198760383
"516","Hipposideros semoni",0,0.0741872839252735
"517","Hipposideros sorenseni",0,0.0498361443605787
"518","Hipposideros stenotis",0,0.0918967648642597
"519","Hipposideros sumbae",0,0.0326436848164177
"520","Hipposideros thomensis",0,0.0103113348677888
"521","Hipposideros turpis",0,0.380205390809338
"522","Hipposideros wollastoni",0,0.0306855703125841
"523","Histiotus alienus",0,0.00740497801432521
"524","Histiotus humboldti",0,0.0619273198760383
"525","Histiotus laephotis",0,0.0073924250290045
"526","Histiotus macrotus",0,0.00860748246216367
"527","Histiotus magellanicus",0,0.0030059316230662
"528","Hylonycteris underwoodi",0,0.0861258486385495
"529","Hypsugo alaschanicus",0,0.184705479967263
"530","Hypsugo anchietae",0,0.0677754194544703
"531","Hypsugo anthonyi",0,0.0944679659681418
"532","Hypsugo arabicus",0,0.0974621126646781
"533","Hypsugo ariel",0,0.150322924514385
"534","Hypsugo bodenheimeri",0,0.140522797121854
"535","Hypsugo cadornae",0,0.348137450576267
"536","Hypsugo crassulus",0,0.123377746230918
"537","Hypsugo eisentrauti",0,0.164323949472124
"538","Hypsugo imbricatus",0,0.114141069562872
"539","Hypsugo joffrei",0,0.100867483544854
"540","Hypsugo kitcheneri",0,0.0302287294233631
"541","Hypsugo lophurus",0,0.040224969611305
"542","Hypsugo macrotis",0,0.081810041449241
"543","Hypsugo musciculus",0,0.0633612009722236
"544","Hypsugo vordermanni",0,0.0466457479932633
"545","Idionycteris phyllotis",0,0.0506510340281357
"546","Kerivoula africana",0,0.0674024154313048
"547","Kerivoula agnella",0,0.00851206269876916
"548","Kerivoula argentata",0,0.127056147126988
"549","Kerivoula cuprosa",0,0.0916696515408277
"550","Kerivoula eriophora",0,0.0760690045738023
"551","Kerivoula flora",0,0.0749521031230638
"552","Kerivoula hardwickii",0,0.396215766937123
"553","Kerivoula intermedia",0,0.0628851577283423
"554","Kerivoula lanosa",0,0.0843719010069351
"555","Kerivoula lenis",0,0.0619273198760383
"556","Kerivoula minuta",0,0.12562929805496
"557","Kerivoula muscina",0,0.0224462350955287
"558","Kerivoula myrella",0,0.0128030014400274
"559","Kerivoula papillosa",0,0.266265943531413
"560","Kerivoula pellucida",0,0.203510680165938
"561","Kerivoula phalaena",0,0.14071522276637
"562","Kerivoula picta",0,0.432457575299208
"563","Kerivoula smithii",0,0.137715544048907
"564","Kerivoula whiteheadi",0,0.223645832671697
"565","Laephotis angolensis",0,0.0345511278952161
"566","Laephotis botswanae",0,0.0739029417518474
"567","Laephotis namibensis",0,0.0234772240521864
"568","Laephotis wintoni",0,0.139066302112838
"569","Lampronycteris brachyotis",0,0.00475782102055951
"570","Lasiurus atratus",0,0.0619273198760383
"571","Lasiurus castaneus",0,0.0040527568859619
"572","Lasiurus degelidus",0,0.0059762300952303
"573","Lasiurus ebenus",0,0.00455149486595527
"574","Lasiurus insularis",0,0.0212044036008134
"575","Lasiurus minor",0,0.0140854741772321
"576","Lasiurus pfeifferi",0,0.0212044036008134
"577","Lasiurus salinae",0,0.0619273198760383
"578","Lasiurus varius",0,0.0619273198760383
"579","Latidens salimalii",0,0.331654563455381
"580","Lavia frons",0,0.20212554762166
"581","Leptonycteris yerbabuenae",0,0.0655827906656476
"582","Lionycteris spurrelli",0,0.0379747923310845
"583","Lonchophylla bokermanni",0,0.0119826934430174
"584","Lonchophylla dekeyseri",0,0.00634993390961167
"585","Lonchophylla handleyi",0,0.00913067520755515
"586","Lonchophylla hesperia",0,0.00858072467315162
"587","Lonchophylla mordax",0,0.057127860795859
"588","Lonchophylla thomasi",0,0.0266234928719896
"589","Lonchorhina fernandezi",0,0.000301438063645009
"590","Lonchorhina inusitata",0,0.000859833980777866
"591","Lonchorhina marinkellei",0,0.000675212066318541
"592","Lonchorhina orinocensis",0,0.00128855400606393
"593","Lophostoma brasiliense",0,0.00826619732720352
"594","Lophostoma carrikeri",0,0.00253258700277198
"595","Lophostoma evotis",0,0.003393271347547
"596","Lophostoma schulzi",0,0.00140419939402882
"597","Macroderma gigas",0,0.0353265417790812
"598","Macroglossus sobrinus",0,0.644990110507161
"599","Macrophyllum macrophyllum",0,0.0629605001914708
"600","Macrotus waterhousii",0,0.0109368749683843
"601","Megaderma lyra",0,0.218536330715217
"602","Megaderma spasma",0,0.243677825940477
"603","Megaerops wetmorei",0,0.380448471286119
"604","Melonycteris fardoulisi",0,0.0355619865578077
"605","Melonycteris melanops",0,0.0806573633963114
"606","Melonycteris woodfordi",0,0.0696348114283602
"607","Micronycteris brosseti",0,0.000771691078434717
"608","Micronycteris hirsuta",0,0.00301124255651567
"609","Micronycteris homezi",0,0.00102886299326045
"610","Micronycteris matses",0,5.82227500708901e-05
"611","Micronycteris microtis",0,0.00590975922383714
"612","Micronycteris minuta",0,0.0083522801885283
"613","Micronycteris sanborni",0,0.000363395417192544
"614","Micronycteris schmidtorum",0,0.00844895991667485
"615","Micropteropus intermedius",0,0.216369286446058
"616","Mimetillus moloneyi",0,0.32664436764602
"617","Mimon bennettii",0,0.0137280913269753
"618","Mimon cozumelae",0,0.00422295670530588
"619","Mimon koepckeae",0,0.000290304660550211
"620","Miniopterus africanus",0,0.190845705552005
"621","Miniopterus fraterculus",0,0.102524382299051
"622","Miniopterus fuscus",0,0.0578122044203187
"623","Miniopterus gleni",0,0.0474200014302803
"624","Miniopterus macrocneme",0,0.0676468096387853
"625","Miniopterus majori",0,0.0691714429494239
"626","Miniopterus manavi",0,0.0667241631666517
"627","Miniopterus medius",0,0.131391100411616
"628","Miniopterus minor",0,0.112334775972659
"629","Miniopterus paululus",0,0.0704058657044286
"630","Miniopterus robustior",0,0.00316512514530552
"631","Miniopterus shortridgei",0,0.0619273198760383
"632","Molossops aequatorianus",0,0.00631445279913846
"633","Molossops mattogrossensis",0,0.0352456767479221
"634","Molossops temminckii",0,0.0276711282616378
"635","Molossus aztecus",0,0.0308007059670866
"636","Molossus barnesi",0,0.0021008402979493
"637","Molossus coibensis",0,0.017310796093999
"638","Molossus currentium",0,0.0345594460490216
"639","Molossus pretiosus",0,0.052987424616993
"640","Molossus sinaloae",0,0.0874898589697371
"641","Monophyllus plethodon",0,0.0115457699020742
"642","Monophyllus redmani",0,0.0448283586397231
"643","Mops brachypterus",0,0.227815776131977
"644","Mops congicus",0,0.292526833727651
"645","Mops demonstrator",0,0.136839172501
"646","Mops leucostigma",0,0.0788774487727595
"647","Mops midas",0,0.465229289573771
"648","Mops mops",0,0.136421615498148
"649","Mops nanulus",0,0.182137651570975
"650","Mops niangarae",0,0.0231998737896101
"651","Mops niveiventer",0,0.108977952235744
"652","Mops petersoni",0,0.0869900808629174
"653","Mops sarasinorum",0,0.163147815330209
"654","Mops spurrelli",0,0.182977256726694
"655","Mops thersites",0,0.257883662096428
"656","Mops trevori",0,0.0904881300189022
"657","Mormoops blainvillei",0,0.0408297970911966
"658","Mormoops magna",0,0.0619273198760383
"659","Mormopterus acetabulosus",0,0.0963438274689211
"660","Mormopterus beccarii",0,0.129153106143515
"661","Mormopterus doriae",0,0.0738814519078209
"662","Mormopterus jugularis",0,0.0597250968253475
"663","Mormopterus kalinowskii",0,0.00625167808907468
"664","Mormopterus loriae",0,0.0738068198720346
"665","Mormopterus minutus",0,0.0218972002016193
"666","Mormopterus norfolkensis",0,0.039169641134881
"667","Mormopterus phrudus",0,0.00239121894713706
"668","Mormopterus planiceps",0,0.0580109202987744
"669","Mosia nigrescens",0,0.0725260461676766
"670","Murina aenea",0,0.0923960334464692
"671","Murina cyclotis",0,0.403829358248607
"672","Murina florium",0,0.062502313729683
"673","Murina fusca",0,0.195148255054634
"674","Murina grisea",0,0.122918629613649
"675","Murina hilgendorfi",0,0.231499143485876
"676","Murina huttoni",0,0.409874040808038
"677","Murina puta",0,0.122833685418148
"678","Murina rozendaali",0,0.074607792150465
"679","Murina ryukyuana",0,0.0401536502370486
"680","Murina silvatica",0,0.186397708098563
"681","Murina suilla",0,0.121124790632341
"682","Murina tenebrosa",0,0.0432518588997618
"683","Murina tubinaris",0,0.344947297408341
"684","Murina ussuriensis",0,0.15297536778612
"685","Musonycteris harrisoni",0,0.0206502689834935
"686","Myonycteris brachycephala",0,0.0842788432307424
"687","Myonycteris relicta",0,0.319360903859772
"688","Myopterus daubentonii",0,0.267438668688062
"689","Myopterus whitleyi",0,0.184796429076649
"690","Myotis abei",0,0.0373198294330634
"691","Myotis adversus",0,0.070652817485121
"692","Myotis aelleni",0,0.0013321715807366
"693","Myotis alcathoe",0,0.0619273198760383
"694","Myotis altarium",0,0.451484490722282
"695","Myotis anjouanensis",0,0.00683091843740505
"696","Myotis annamiticus",0,0.0729190812333072
"697","Myotis annectans",0,0.356341413057808
"698","Myotis atacamensis",0,0.00330939239761637
"699","Myotis ater",0,0.0667725342673988
"700","Myotis auriculus",0,0.00398466976977994
"701","Myotis australis",0,0.0704058657044286
"702","Myotis bechsteinii",0,0.140472754898821
"703","Myotis bocagii",0,0.429335815481466
"704","Myotis bombinus",0,0.236458515627195
"705","Myotis bucharensis",0,0.0619273198760383
"706","Myotis ciliolabrum",0,0.0795318865766703
"707","Myotis cobanensis",0,0.00422328358148209
"708","Myotis csorbai",0,0.163150463457205
"709","Myotis dominicensis",0,0.00331212148896817
"710","Myotis elegans",0,0.036944066443096
"711","Myotis findleyi",0,0.000997016972761969
"712","Myotis formosus",0,0.479496035285333
"713","Myotis fortidens",0,0.0350750913177589
"714","Myotis frater",0,0.0913009858124438
"715","Myotis gomantongensis",0,0.0765905357523178
"716","Myotis goudoti",0,0.0782926933079676
"717","Myotis hajastanicus",0,0.122679904973855
"718","Myotis hasseltii",0,0.343242148829556
"719","Myotis hermani",0,0.020810765153517
"720","Myotis hosonoi",0,0.122496808933144
"721","Myotis ikonnikovi",0,0.270013095700367
"722","Myotis insularum",0,0.000197215409146653
"723","Myotis keaysi",0,0.0613020921556009
"724","Myotis laniger",0,0.296736207639208
"725","Myotis macrotarsus",0,0.228131820441532
"726","Myotis martiniquensis",0,0.00318062957424111
"727","Myotis melanorhinus",0,0.0239925421419879
"728","Myotis moluccarum",0,0.093151022166563
"729","Myotis montivagus",0,0.40187000281755
"730","Myotis morrisi",0,0.206306029192458
"731","Myotis muricola",0,0.398290053330319
"732","Myotis nesopolus",0,0.0197741057134539
"733","Myotis nipalensis",0,0.0619273198760383
"734","Myotis occultus",0,0.0795318865766703
"735","Myotis oreias",0,0.0395102295482077
"736","Myotis oxygnathus",0,0.355318450332205
"737","Myotis oxyotus",0,0.0336123561084192
"738","Myotis ozensis",0,0.105804623612072
"739","Myotis peninsularis",0,0.00287144545618177
"740","Myotis planiceps",0,0.00922087865089148
"741","Myotis pruinosus",0,0.200109967089776
"742","Myotis ridleyi",0,0.108872510120178
"743","Myotis rosseti",0,0.273835923659502
"744","Myotis ruber",0,0.0205907718187347
"745","Myotis schaubi",0,0.19906970156451
"746","Myotis scotti",0,0.099968071856283
"747","Myotis sicarius",0,0.251687021169166
"748","Myotis siligorensis",0,0.372428110038103
"749","Myotis simus",0,0.0161990388401405
"750","Myotis sodalis",0,0.0461446804713904
"751","Myotis stalkeri",0,0.0121136239738375
"752","Myotis tricolor",0,0.218617349073518
"753","Myotis vivesi",0,0.00224287689605867
"754","Myotis welwitschii",0,0.151020566199658
"755","Myotis yanbarensis",0,0.0401536502370486
"756","Myotis yesoensis",0,0.142550777096639
"757","Mystacina robusta",0,0.0597696869875796
"758","Myzopoda aurita",0,0.103371003248139
"759","Natalus jamaicensis",0,0.0059762300952303
"760","Natalus major",0,0.0135918623926793
"761","Natalus primus",0,0.0195702117769315
"762","Neonycteris pusilla",0,0.000218746092045041
"763","Neopteryx frosti",0,0.133374460307324
"764","Neoromicia brunneus",0,0.122556567407564
"765","Neoromicia flavescens",0,0.0758429479074686
"766","Neoromicia guineensis",0,0.301073767044762
"767","Neoromicia helios",0,0.251359683234297
"768","Neoromicia melckorum",0,0.0404454403568374
"769","Neoromicia rendalli",0,0.416916097497001
"770","Neoromicia tenuipinnis",0,0.337477795196439
"771","Neoromicia zuluensis",0,0.0567699307356108
"772","Noctilio albiventris",0,0.0191108742383094
"773","Noctilio leporinus",0,0.019881329824254
"774","Notopteris macdonaldi",0,0.0594737702007217
"775","Notopteris neocaledonica",0,0.0241472622261605
"776","Nyctalus aviator",0,0.301653869981603
"777","Nyctalus azoreum",0,0.017812866808789
"778","Nyctalus furvus",0,0.100436211877589
"779","Nyctalus leisleri",0,0.41466210178621
"780","Nyctalus montanus",0,0.188855175650017
"781","Nycteris arge",0,0.27564316581485
"782","Nycteris aurita",0,0.0999656010281298
"783","Nycteris grandis",0,0.392096962453738
"784","Nycteris intermedia",0,0.19050060398085
"785","Nycteris javanica",0,0.142565854489564
"786","Nycteris madagascariensis",0,0.0592441136661749
"787","Nycteris major",0,0.217886092727959
"788","Nycteris parisii",0,0.0901739825248084
"789","Nycteris tragata",0,0.23941233604155
"790","Nycteris vinsoni",0,0.0190212771382284
"791","Nycteris woodi",0,0.0744027218002949
"792","Nycticeinops schlieffeni",0,0.438266329972192
"793","Nycticeius aenobarbus",0,0.0619273198760383
"794","Nycticeius cubanus",0,0.0212044036008134
"795","Nyctiellus lepidus",0,0.0223077608173075
"796","Nyctimene aello",0,0.158027993129509
"797","Nyctimene albiventer",0,0.174543706594151
"798","Nyctimene cephalotes",0,0.19916668202858
"799","Nyctimene certans",0,0.0945916249802303
"800","Nyctimene cyclotis",0,0.107318896807331
"801","Nyctimene draconilla",0,0.0939370295954444
"802","Nyctimene keasti",0,0.061553258954869
"803","Nyctimene major",0,0.0975536171935701
"804","Nyctimene malaitensis",0,0.0628303886813504
"805","Nyctimene masalai",0,0.0767667088442163
"806","Nyctimene minutus",0,0.179698000696552
"807","Nyctimene rabori",0,0.322283541986699
"808","Nyctimene robinsoni",0,0.164647867485527
"809","Nyctimene sanctacrucis",0,0.0212179155801524
"810","Nyctimene vizcaccia",0,0.0856316917725315
"811","Nyctinomops aurispinosus",0,0.104985017868869
"812","Nyctinomops femorosaccus",0,0.0478319420238293
"813","Nyctophilus arnhemensis",0,0.09924749693393
"814","Nyctophilus bifax",0,0.119459556967401
"815","Nyctophilus geoffroyi",0,0.0565864605959566
"816","Nyctophilus gouldi",0,0.0610209346551188
"817","Nyctophilus heran",0,0.013168087191078
"818","Nyctophilus howensis",0,0.0619273198760383
"819","Nyctophilus microdon",0,0.0125121432552142
"820","Nyctophilus microtis",0,0.0315075410203288
"821","Nyctophilus nebulosus",0,0.00407769611594257
"822","Nyctophilus timoriensis",0,0.0785338348338632
"823","Nyctophilus walkeri",0,0.0712927064177808
"824","Otomops formosus",0,0.116772693625409
"825","Otomops johnstonei",0,0.0185863685687217
"826","Otomops madagascariensis",0,0.0433215838722137
"827","Otomops martiensseni",0,0.219284998068788
"828","Otomops papuensis",0,0.0183884835428362
"829","Otomops secundus",0,0.0213090038717037
"830","Otomops wroughtoni",0,0.124167912822058
"831","Otonycteris hemprichii",0,0.165256004172991
"832","Otopteropus cartilagonodus",0,0.284838253768166
"833","Paracoelops megalotis",0,0.054751555928115
"834","Paranyctimene raptor",0,0.121276324032991
"835","Paranyctimene tenax",0,0.158131328386009
"836","Penthetor lucasi",0,0.322445754279084
"837","Peropteryx kappleri",0,0.0866336768168133
"838","Peropteryx leucoptera",0,0.0153868138767953
"839","Peropteryx macrotis",0,0.0771510811939511
"840","Peropteryx trinitatis",0,0.00985580653247978
"841","Pharotis imogene",0,0.00174716665888993
"842","Phoniscus aerosa",0,0.0704058657044286
"843","Phoniscus atrox",0,0.108709327472935
"844","Phoniscus jagorii",0,0.135557262234379
"845","Phoniscus papuensis",0,0.0156485254674116
"846","Phylloderma stenops",0,0.122017423546925
"847","Phyllonycteris aphylla",0,0.0163151521471058
"848","Phyllonycteris major",0,0.0796227126136652
"849","Phyllonycteris poeyi",0,0.03610185643101
"850","Phyllops falcatus",0,0.065398037837833
"851","Phyllostomus elongatus",0,0.0140326537516903
"852","Phyllostomus latifolius",0,0.00222418351645362
"853","Pipistrellus adamsi",0,0.044078045439938
"854","Pipistrellus aero",0,0.0645690251066812
"855","Pipistrellus angulatus",0,0.0267000682889836
"856","Pipistrellus ceylonicus",0,0.435064276497076
"857","Pipistrellus collinus",0,0.0218138071402729
"858","Pipistrellus endoi",0,0.190752295570746
"859","Pipistrellus maderensis",0,0.0526762638886055
"860","Pipistrellus minahassae",0,0.0330071482796401
"861","Pipistrellus nanulus",0,0.149336713354843
"862","Pipistrellus papuanus",0,0.0247210271911417
"863","Pipistrellus paterculus",0,0.286683029713978
"864","Pipistrellus permixtus",0,0.0343878923853187
"865","Pipistrellus rueppellii",0,0.467906772341924
"866","Pipistrellus rusticus",0,0.3033626305465
"867","Pipistrellus stenopterus",0,0.151791352751132
"868","Pipistrellus sturdeei",0,0.0679249510647007
"869","Pipistrellus tenuis",0,0.45394129919574
"870","Pipistrellus wattsi",0,0.0105072612071136
"871","Pipistrellus westralis",0,0.0460905872103581
"872","Platalina genovensium",0,0.0478571130964376
"873","Platymops setiger",0,0.163822931629382
"874","Platyrrhinus aurarius",0,0.0268225542179931
"875","Platyrrhinus brachycephalus",0,0.0628405160264861
"876","Platyrrhinus chocoensis",0,0.00682309480673807
"877","Platyrrhinus dorsalis",0,0.0982527082983978
"878","Platyrrhinus infuscus",0,0.0614968873228043
"879","Platyrrhinus recifinus",0,0.0740146380475357
"880","Platyrrhinus umbratus",0,0.0980865721591156
"881","Platyrrhinus vittatus",0,0.104601298149295
"882","Plecotus alpinus",0,0.0142674971904529
"883","Plecotus austriacus",0,0.241763647335091
"884","Plecotus balensis",0,0.0181700869246704
"885","Plecotus kolombatovici",0,0.0142674971904529
"886","Plecotus sardus",0,0.0142674971904529
"887","Plecotus taivanus",0,0.0280850314130909
"888","Plecotus teneriffae",0,0.0093817513542542
"889","Plerotes anchietae",0,0.219864068909263
"890","Promops centralis",0,0.0892458958563679
"891","Promops nasutus",0,0.043143579347653
"892","Ptenochirus minor",0,0.306798446486209
"893","Pteralopex acrodonta",0,0.0199498409542693
"894","Pteralopex anceps",0,0.054086492293522
"895","Pteralopex atrata",0,0.0495286064960368
"896","Pteralopex pulchra",0,0.0308459180112838
"897","Pteralopex taki",0,0.0263637765434013
"898","Pteronotus gymnonotus",0,0.0592963558211885
"899","Pteronotus macleayii",0,0.0281037570227897
"900","Pteronotus pristinus",0,0.0619273198760383
"901","Pteronotus quadridens",0,0.0300847848801281
"902","Pteropus aldabrensis",0,0.0266806083830838
"903","Pteropus anetianus",0,0.0413882554203964
"904","Pteropus aruensis",0,0.0573526945656524
"905","Pteropus banakrisi",0,0.0140995386704321
"906","Pteropus brunneus",0,0.221775328392835
"907","Pteropus caniceps",0,0.146667013084803
"908","Pteropus chrysoproctus",0,0.114757326132905
"909","Pteropus cognatus",0,0.0387663787042389
"910","Pteropus dasymallus",0,0.252753300414589
"911","Pteropus faunulus",0,0.0825963239457456
"912","Pteropus fundatus",0,0.0239219614415173
"913","Pteropus gilliardorum",0,0.0537157133386776
"914","Pteropus griseus",0,0.147270552744537
"915","Pteropus howensis",0,0.0287441693803172
"916","Pteropus insularis",0,0.0538640064159139
"917","Pteropus intermedius",0,0.349475962049318
"918","Pteropus keyensis",0,0.057230810613795
"919","Pteropus leucopterus",0,0.405379541555891
"920","Pteropus livingstonii",0,0.0409498524720398
"921","Pteropus lombocensis",0,0.164156268734218
"922","Pteropus loochoensis",0,0.158131328386009
"923","Pteropus macrotis",0,0.114147820936454
"924","Pteropus mahaganus",0,0.0712236914704349
"925","Pteropus mariannus",0,0.116164381502684
"926","Pteropus melanopogon",0,0.0867299103324835
"927","Pteropus melanotus",0,0.184505623558639
"928","Pteropus molossinus",0,0.0569246876107318
"929","Pteropus niger",0,0.0782658487740426
"930","Pteropus nitendiensis",0,0.0252600995457191
"931","Pteropus ocularis",0,0.121187586755196
"932","Pteropus ornatus",0,0.0449457170515837
"933","Pteropus pelewensis",0,0.0349781455098733
"934","Pteropus personatus",0,0.168170541045646
"935","Pteropus pilosus",0,0.183731738053769
"936","Pteropus pohlei",0,0.0974862976974447
"937","Pteropus pselaphon",0,0.108876472942072
"938","Pteropus pumilus",0,0.388159488090443
"939","Pteropus rayneri",0,0.0655661049044518
"940","Pteropus rennelli",0,0.0143304468458575
"941","Pteropus rodricensis",0,0.0221061342308347
"942","Pteropus samoensis",0,0.0667270828320224
"943","Pteropus seychellensis",0,0.057147958592415
"944","Pteropus speciosus",0,0.230506358890917
"945","Pteropus subniger",0,0.193404385614937
"946","Pteropus temminckii",0,0.0788521612938503
"947","Pteropus tokudae",0,0.236996677529441
"948","Pteropus tonganus",0,0.0860119486332378
"949","Pteropus tuberculatus",0,0.017228134726858
"950","Pteropus ualanus",0,0.0390729593762557
"951","Pteropus vetulus",0,0.0480216644471797
"952","Pteropus voeltzkowi",0,0.0523667403756118
"953","Pteropus woodfordi",0,0.0728228503888095
"954","Pteropus yapensis",0,0.066304470505729
"955","Pygoderma bilabiatum",0,0.0583860256424184
"956","Rhinolophus adami",0,0.0511803285295835
"957","Rhinolophus alcyone",0,0.274481495497488
"958","Rhinolophus beddomei",0,0.27536566044058
"959","Rhinolophus bocharicus",0,0.17765295146067
"960","Rhinolophus borneensis",0,0.246347394352297
"961","Rhinolophus canuti",0,0.107138756993913
"962","Rhinolophus celebensis",0,0.0909655927731214
"963","Rhinolophus cognatus",0,0.0580222159891672
"964","Rhinolophus convexus",0,0.13732174477465
"965","Rhinolophus darlingi",0,0.229358574213734
"966","Rhinolophus deckenii",0,0.101350811406641
"967","Rhinolophus denti",0,0.187495910014142
"968","Rhinolophus euryotis",0,0.0885126969223257
"969","Rhinolophus formosae",0,0.102162956386785
"970","Rhinolophus fumigatus",0,0.471360801896249
"971","Rhinolophus guineensis",0,0.127664268405778
"972","Rhinolophus hilli",0,0.0811835413995108
"973","Rhinolophus hillorum",0,0.130485561723127
"974","Rhinolophus imaizumii",0,0.0534634699439465
"975","Rhinolophus inops",0,0.211690316677865
"976","Rhinolophus keyensis",0,0.0778757010417914
"977","Rhinolophus landeri",0,0.432542015845545
"978","Rhinolophus lepidus",0,0.369523716939128
"979","Rhinolophus luctus",0,0.48396352392463
"980","Rhinolophus maclaudi",0,0.172772085658717
"981","Rhinolophus madurensis",0,0.0758992427278253
"982","Rhinolophus maendeleo",0,0.0335613982863703
"983","Rhinolophus marshalli",0,0.425732034679939
"984","Rhinolophus mitratus",0,0.188620680270528
"985","Rhinolophus montanus",0,0.0187211664093297
"986","Rhinolophus nereis",0,0.0547884111473066
"987","Rhinolophus osgoodi",0,0.380571987926624
"988","Rhinolophus paradoxolophus",0,0.367091442198497
"989","Rhinolophus philippinensis",0,0.244150452381998
"990","Rhinolophus robinsoni",0,0.127026366757789
"991","Rhinolophus ruwenzorii",0,0.0542470898470638
"992","Rhinolophus sakejiensis",0,0.0135117277300256
"993","Rhinolophus sedulus",0,0.165156051269963
"994","Rhinolophus shortridgei",0,0.171860415169906
"995","Rhinolophus siamensis",0,0.0597976132225158
"996","Rhinolophus silvestris",0,0.0766407340272212
"997","Rhinolophus subbadius",0,0.220130844975794
"998","Rhinolophus subrufus",0,0.188737966812473
"999","Rhinolophus swinnyi",0,0.107030668802846
"1000","Rhinolophus trifoliatus",0,0.374596952535045
"1001","Rhinolophus virgo",0,0.19177564655139
"1002","Rhinolophus yunanensis",0,0.419569348600318
"1003","Rhinolophus ziama",0,0.0597976132225158
"1004","Rhinophylla alethina",0,0.0210543876911483
"1005","Rhinophylla fischerae",0,0.0330913703734084
"1006","Rhinophylla pumilio",0,0.0758865283357642
"1007","Rhinopoma macinnesi",0,0.16789082979567
"1008","Rhinopoma microphyllum",0,0.520482008412685
"1009","Rhinopoma muscatellum",0,0.291550054225026
"1010","Rhogeessa aeneus",0,0.0120322518259709
"1011","Rhogeessa alleni",0,0.0187924825616759
"1012","Rhogeessa genowaysi",0,0.0080004880498931
"1013","Rhogeessa gracilis",0,0.0180403050482874
"1014","Rhogeessa hussoni",0,0.00499360403949719
"1015","Rhogeessa io",0,0.0383777509092067
"1016","Rhogeessa minutilla",0,0.029601764016602
"1017","Rhogeessa mira",0,0.00937128446087421
"1018","Rhogeessa parvula",0,0.0277653507605335
"1019","Rhogeessa tumida",0,0.0438389912926904
"1020","Rousettus bidens",0,0.150717628377291
"1021","Rousettus celebensis",0,0.250281364828026
"1022","Rousettus lanosus",0,0.39741243784498
"1023","Rousettus linduensis",0,0.173219539981717
"1024","Rousettus madagascariensis",0,0.222817582363711
"1025","Rousettus obliviosus",0,0.0635500921278483
"1026","Rousettus spinalatus",0,0.221404267332524
"1027","Saccolaimus mixtus",0,0.0452761987077895
"1028","Saccolaimus peli",0,0.300101676117838
"1029","Saccopteryx antioquensis",0,0.00299661062294011
"1030","Saccopteryx bilineata",0,0.0949045534883336
"1031","Saccopteryx canescens",0,0.019065681653823
"1032","Saccopteryx gymnura",0,0.00459195927578694
"1033","Saccopteryx leptura",0,0.0399344706728481
"1034","Sauromys petrophilus",0,0.0616972991309131
"1035","Scleronycteris ega",0,0.00533706978895888
"1036","Scoteanax rueppellii",0,0.0616233789086926
"1037","Scotoecus albigula",0,0.187061853595017
"1038","Scotoecus albofuscus",0,0.369978656710906
"1039","Scotoecus hindei",0,0.31519500611537
"1040","Scotoecus hirundo",0,0.366769468120439
"1041","Scotoecus pallidus",0,0.228102441107352
"1042","Scotomanes ornatus",0,0.468617390387723
"1043","Scotonycteris ophiodon",0,0.355069894874572
"1044","Scotonycteris zenkeri",0,0.400424561193295
"1045","Scotophilus borbonicus",0,0.0257989035655883
"1046","Scotophilus celebensis",0,0.0467436218411285
"1047","Scotophilus collinus",0,0.0619273198760383
"1048","Scotophilus nucella",0,0.232328857813371
"1049","Scotophilus robustus",0,0.081679485350904
"1050","Scotophilus viridis",0,0.372898151798837
"1051","Scotorepens balstoni",0,0.0769898658827582
"1052","Scotorepens greyii",0,0.0994197889037541
"1053","Scotorepens orion",0,0.0416356926287197
"1054","Scotorepens sanborni",0,0.0924901200299025
"1055","Scotozous dormeri",0,0.333536599845736
"1056","Sphaerias blanfordi",0,0.635648748175559
"1057","Sphaeronycteris toxophyllum",0,0.0325281923327449
"1058","Stenoderma rufum",0,0.0550708869653961
"1059","Sturnira aratathomasi",0,0.0544088826271657
"1060","Sturnira bidens",0,0.0516912660330911
"1061","Sturnira bogotensis",0,0.0647563608733357
"1062","Sturnira luisi",0,0.0492195378798357
"1063","Sturnira magna",0,0.0452973741228255
"1064","Sturnira mistratensis",0,0.00583792139327534
"1065","Sturnira mordax",0,0.0492134494163676
"1066","Sturnira nana",0,0.0148539715726835
"1067","Sturnira oporaphilum",0,0.0355426711599762
"1068","Sturnira thomasi",0,0.0189513242776307
"1069","Styloctenium wallacei",0,0.24525751866005
"1070","Syconycteris carolinae",0,0.166439793962228
"1071","Syconycteris hobbit",0,0.0857701830906523
"1072","Tadarida aegyptiaca",0,0.518676367623163
"1073","Tadarida australis",0,0.0825746014762659
"1074","Tadarida fulminans",0,0.148972991003907
"1075","Tadarida insignis",0,0.239073609949128
"1076","Tadarida kuboriensis",0,0.0208139435542308
"1077","Tadarida latouchei",0,0.219191213998072
"1078","Tadarida lobata",0,0.0936941738834366
"1079","Tadarida ventralis",0,0.210951001559669
"1080","Taphozous achates",0,0.0320787247782022
"1081","Taphozous australis",0,0.0400531487395449
"1082","Taphozous georgianus",0,0.121844784818938
"1083","Taphozous hamiltoni",0,0.154000297115117
"1084","Taphozous hildegardeae",0,0.0950981356209501
"1085","Taphozous hilli",0,0.0982595751534305
"1086","Taphozous kapalgensis",0,0.0716559154442535
"1087","Taphozous longimanus",0,0.484164992707731
"1088","Taphozous mauritianus",0,0.433205214866596
"1089","Taphozous nudiventris",0,0.512593532299867
"1090","Taphozous troughtoni",0,0.0464104103475093
"1091","Thoopterus nigrescens",0,0.256827224026889
"1092","Thyroptera discifera",0,0.0186018049259325
"1093","Thyroptera lavali",0,0.00407479102649887
"1094","Thyroptera tricolor",0,0.0582189566615952
"1095","Tomopeas ravus",0,0.00580504566929113
"1096","Tonatia bidens",0,0.036092830255106
"1097","Tonatia saurophila",0,0.0265706811015779
"1098","Trachops cirrhosus",0,0.018909516031277
"1099","Triaenops auritus",0,0.0113657367818523
"1100","Triaenops furculus",0,0.0736374034791552
"1101","Triaenops rufus",0,0.0816300022107062
"1102","Trinycteris nicefori",0,0.00283741395529818
"1103","Uroderma magnirostrum",0,0.166620421607379
"1104","Vampyressa bidens",0,0.0560346448684282
"1105","Vampyressa brocki",0,0.0253158708446237
"1106","Vampyressa melissa",0,0.0233448945939067
"1107","Vampyressa nymphaea",0,0.0324065374072332
"1108","Vampyressa pusilla",0,0.190616086377456
"1109","Vampyressa thyone",0,0.190616086377456
"1110","Vampyrum spectrum",0,0.0268457277475077
"1111","Vespadelus caurinus",0,0.0583185618467518
"1112","Vespadelus darlingtoni",0,0.0508899739161302
"1113","Vespadelus douglasorum",0,0.0435778264283895
"1114","Vespadelus finlaysoni",0,0.0678544961347154
"1115","Vespadelus troughtoni",0,0.0322538854736146
"1116","Vespadelus vulturnus",0,0.0469367331377177
