"","host","virus","presence","suitability"
"181","Pteronotus parnellii","Betacoronavirus",1,4.81606068737085e+301
"2629","Carollia brevicauda","Betacoronavirus",0,1.11038052439646e+293
"173","Pipistrellus abramus","Betacoronavirus",1,2.07158611351756e+292
"195","Rhinopoma hardwickii","Betacoronavirus",1,8.86631323917768e+275
"162","Megaloglossus woermanni","Betacoronavirus",1,7.63551260358219e+275
"152","Eumops glaucinus","Betacoronavirus",1,6.62932698472004e+275
"3332","Plecotus auritus","Betacoronavirus",0,1.4355370486318e+275
"143","Dyacopterus spadiceus","Betacoronavirus",1,5.81567398484669e+224
"3299","Pipistrellus coromandra","Betacoronavirus",0,4.90074790419258e+224
"2628","Cardioderma cor","Betacoronavirus",0,1.37302843402972e+224
"2738","Epomophorus wahlbergi","Betacoronavirus",0,5.32247164173212e+223
"3302","Pipistrellus hesperus","Betacoronavirus",0,4.61988248706953e+223
"3601","Vampyrodes caraccioli","Betacoronavirus",0,1.88994325414802e+223
"2956","Lonchophylla robusta","Betacoronavirus",0,7.33417840365623e+222
"2996","Mimon crenulatum","Betacoronavirus",0,3.22118720943156e+220
"2744","Eptesicus brasiliensis","Betacoronavirus",0,1.57069469176446e+220
"2740","Epomops dobsonii","Betacoronavirus",0,3.68811646181849e+219
"145","Eidolon helvum","Betacoronavirus",1,4.94112930343799e+198
"133","Artibeus lituratus","Betacoronavirus",1,1.25832782388536e+196
"144","Eidolon dupreanum","Betacoronavirus",1,1.20810164223901e+193
"3352","Pteronotus quadridens","Betacoronavirus",0,3.0235431607538e+187
"3593","Uroderma bilobatum","Betacoronavirus",0,3.00309514156994e+180
"3594","Uroderma magnirostrum","Betacoronavirus",0,2.8687403858369e+180
"151","Eptesicus serotinus","Betacoronavirus",1,9.6465432627781e+178
"203","Vespertilio sinensis","Betacoronavirus",1,6.16020087863411e+173
"3612","Vespertilio murinus","Betacoronavirus",0,4.97693716903987e+171
"3405","Pteropus temminckii","Betacoronavirus",0,3.8150216425316e+171
"3101","Myotis californicus","Betacoronavirus",0,2.15355582860224e+156
"3102","Myotis capaccinii","Betacoronavirus",0,1.01567104257137e+156
"202","Tylonycteris pachypus","Betacoronavirus",1,1.08483622208149e+155
"3592","Tylonycteris robustula","Betacoronavirus",0,1.06768890544072e+155
"3291","Phyllostomus elongatus","Betacoronavirus",0,2.60761667346007e+132
"3293","Phyllostomus latifolius","Betacoronavirus",0,7.0368997877544e+131
"3292","Phyllostomus hastatus","Betacoronavirus",0,4.2619578830674e+131
"3290","Phyllostomus discolor","Betacoronavirus",0,4.22047123345513e+131
"3030","Mops brachypterus","Betacoronavirus",0,5.56824898562509e+130
"149","Epomops franqueti","Betacoronavirus",1,4.15431635828843e+127
"175","Pipistrellus kuhlii","Betacoronavirus",1,8.17030398803785e+123
"2741","Eptesicus andinus","Betacoronavirus",0,2.06839697514186e+122
"137","Carollia perspicillata","Betacoronavirus",1,1.7427446638877e+122
"2631","Carollia colombiana","Betacoronavirus",0,1.64280907580342e+122
"2632","Carollia sowelli","Betacoronavirus",0,1.47348626041878e+122
"182","Pteropus alecto","Betacoronavirus",1,4.60659870456942e+121
"2743","Eptesicus bottae","Betacoronavirus",0,2.86477437671829e+121
"2742","Eptesicus bobrinskoi","Betacoronavirus",0,6.36857134321157e+120
"154","Hipposideros caffer","Betacoronavirus",1,2.50252618046037e+120
"3191","Neoromicia brunneus","Betacoronavirus",0,1.23223074123084e+120
"3303","Pipistrellus inexspectatus","Betacoronavirus",0,1.81570297428759e+119
"3304","Pipistrellus javanicus","Betacoronavirus",0,1.73094419148413e+119
"3104","Myotis chinensis","Betacoronavirus",0,8.59633721848967e+118
"2633","Carollia subrufa","Betacoronavirus",0,8.58171946616421e+118
"146","Eonycteris spelaea","Betacoronavirus",1,3.68388853439702e+118
"163","Micropteropus pusillus","Betacoronavirus",1,2.92393397534808e+118
"2816","Hipposideros bicolor","Betacoronavirus",0,3.42323747693639e+116
"3305","Pipistrellus maderensis","Betacoronavirus",0,2.18087604030306e+116
"2817","Hipposideros breviceps","Betacoronavirus",0,9.71088331137095e+115
"3353","Pteropus admiralitatum","Betacoronavirus",0,8.61988900969667e+115
"3003","Miniopterus inflatus","Betacoronavirus",0,1.96359103594095e+114
"2634","Casinycteris argynnis","Betacoronavirus",0,1.20524702781155e+114
"3355","Pteropus anetianus","Betacoronavirus",0,4.44251002652445e+113
"3024","Molossus molossus","Betacoronavirus",0,3.84240468035621e+113
"3354","Pteropus aldabrensis","Betacoronavirus",0,2.0636238460269e+113
"2818","Hipposideros calcaratus","Betacoronavirus",0,5.63846029545066e+112
"2846","Hipposideros larvatus","Betacoronavirus",0,5.979891395359e+111
"2733","Epomophorus angolensis","Betacoronavirus",0,4.57690948428309e+111
"2994","Mimon bennettii","Betacoronavirus",0,1.99838796227837e+110
"3356","Pteropus aruensis","Betacoronavirus",0,7.79494879078039e+109
"3023","Molossus currentium","Betacoronavirus",0,1.930049729484e+109
"147","Epomophorus gambianus","Betacoronavirus",1,1.27604227017675e+109
"2735","Epomophorus grandis","Betacoronavirus",0,7.67185342152202e+108
"2815","Hipposideros beatus","Betacoronavirus",0,7.47219131279887e+108
"3025","Molossus pretiosus","Betacoronavirus",0,7.28162148713616e+108
"2731","Eonycteris major","Betacoronavirus",0,5.62444721743215e+108
"2734","Epomophorus crypturus","Betacoronavirus",0,5.289392686288e+108
"2732","Eonycteris robusta","Betacoronavirus",0,4.36796091338803e+108
"2845","Hipposideros lankadiva","Betacoronavirus",0,3.69822398410328e+108
"3006","Miniopterus majori","Betacoronavirus",0,2.41205391126725e+108
"3004","Miniopterus macrocneme","Betacoronavirus",0,2.3783442516823e+108
"2588","Anoura geoffroyi","Betacoronavirus",0,1.55560651795024e+108
"2589","Anoura latidens","Betacoronavirus",0,8.84330584365451e+107
"2995","Mimon cozumelae","Betacoronavirus",0,7.14443648594909e+107
"2999","Miniopterus australis","Betacoronavirus",0,6.78183780117922e+107
"2992","Micropteropus intermedius","Betacoronavirus",0,5.02625303211035e+107
"2993","Mimetillus moloneyi","Betacoronavirus",0,4.66325106783912e+107
"3005","Miniopterus magnater","Betacoronavirus",0,1.33749793067474e+107
"148","Epomophorus labiatus","Betacoronavirus",1,7.42070207734786e+106
"150","Eptesicus nilssonii","Betacoronavirus",1,2.99145226555051e+106
"2847","Hipposideros lekaguli","Betacoronavirus",0,2.23340352804678e+106
"196","Rousettus aegyptiacus","Betacoronavirus",1,2.07752029990788e+106
"3130","Myotis leibii","Betacoronavirus",0,1.16119599988929e+105
"2844","Hipposideros lamottei","Betacoronavirus",0,8.55090554504272e+104
"3129","Myotis laniger","Betacoronavirus",0,5.44112937661077e+104
"3162","Myotis ruber","Betacoronavirus",0,8.19813466699316e+103
"3160","Myotis riparius","Betacoronavirus",0,6.54341970354238e+103
"3111","Myotis evotis","Betacoronavirus",0,6.00648263490629e+103
"3022","Molossus coibensis","Betacoronavirus",0,4.16201680985151e+103
"164","Miniopterus schreibersii","Betacoronavirus",1,3.13721565141617e+103
"3114","Myotis formosus","Betacoronavirus",0,3.09026376461669e+103
"2736","Epomophorus minimus","Betacoronavirus",0,1.30434261294513e+102
"2941","Lasiurus varius","Betacoronavirus",0,7.29507799719319e+101
"3493","Rhynchonycteris naso","Betacoronavirus",0,5.79934481328578e+101
"3196","Neoromicia nanus","Betacoronavirus",0,3.73993900468242e+101
"2737","Epomophorus minor","Betacoronavirus",0,2.12042969124448e+101
"3491","Rhogeessa parvula","Betacoronavirus",0,1.47846055938692e+101
"197","Rousettus amplexicaudatus","Betacoronavirus",1,7.27734575001917e+100
"3490","Rhogeessa mira","Betacoronavirus",0,6.48438628328455e+100
"2759","Eptesicus pachyotis","Betacoronavirus",0,1.84645078314225e+100
"2848","Hipposideros lylei","Betacoronavirus",0,1.57755685033426e+100
"201","Triaenops persicus","Betacoronavirus",1,1.4013401444004e+100
"3488","Rhogeessa io","Betacoronavirus",0,6.33107156170325e+99
"3494","Rousettus bidens","Betacoronavirus",0,6.01769931685251e+99
"3487","Rhogeessa hussoni","Betacoronavirus",0,2.31678888741169e+99
"3012","Miniopterus pusillus","Betacoronavirus",0,7.29696974174382e+98
"3492","Rhogeessa tumida","Betacoronavirus",0,7.27280843246323e+98
"3489","Rhogeessa minutilla","Betacoronavirus",0,4.36402489293895e+98
"198","Scotophilus dinganii","Betacoronavirus",1,4.32737958595081e+98
"199","Scotophilus leucogaster","Betacoronavirus",1,8.62159814546943e+97
"2623","Barbastella barbastellus","Betacoronavirus",0,6.86829182220373e+97
"3526","Scotophilus nigrita","Betacoronavirus",0,6.39895308612271e+97
"3197","Neoromicia rendalli","Betacoronavirus",0,6.16193317327111e+97
"3525","Scotophilus kuhlii","Betacoronavirus",0,4.54011562521691e+97
"3527","Scotophilus nucella","Betacoronavirus",0,2.42723660684452e+97
"3000","Miniopterus fraterculus","Betacoronavirus",0,7.85858048725533e+96
"3018","Molossops neglectus","Betacoronavirus",0,6.11151818723799e+96
"3014","Miniopterus shortridgei","Betacoronavirus",0,5.05165494001191e+96
"153","Hipposideros armiger","Betacoronavirus",1,4.24049460723506e+96
"139","Cynopterus brachyotis","Betacoronavirus",1,2.46653635967049e+96
"3528","Scotophilus nux","Betacoronavirus",0,2.37999154479064e+96
"2586","Anoura caudifer","Betacoronavirus",0,2.15216904030598e+96
"3523","Scotophilus collinus","Betacoronavirus",0,1.58042019766725e+96
"3522","Scotophilus celebensis","Betacoronavirus",0,1.52851638391595e+96
"2618","Aselliscus tricuspidatus","Betacoronavirus",0,8.71549144650814e+95
"2692","Cynomops paranus","Betacoronavirus",0,5.93040254298518e+95
"2689","Cynomops abrasus","Betacoronavirus",0,4.21431592915111e+95
"140","Cynopterus horsfieldii","Betacoronavirus",1,3.57435054738728e+95
"2693","Cynomops planirostris","Betacoronavirus",0,1.66516332410965e+95
"2695","Cynopterus minutus","Betacoronavirus",0,1.51288172953376e+95
"2691","Cynomops mexicanus","Betacoronavirus",0,1.10019885031849e+95
"3543","Sturnira lilium","Betacoronavirus",0,7.59774586054718e+94
"3497","Rousettus linduensis","Betacoronavirus",0,6.86165846343702e+94
"3019","Molossops temminckii","Betacoronavirus",0,6.05540105836793e+94
"2587","Anoura cultrata","Betacoronavirus",0,5.22479243257607e+94
"2699","Desmodus rotundus","Betacoronavirus",0,3.86811345825131e+94
"3017","Molossops mattogrossensis","Betacoronavirus",0,2.48764934547868e+94
"3499","Rousettus obliviosus","Betacoronavirus",0,2.46619775368963e+94
"3015","Miniopterus tristis","Betacoronavirus",0,2.44980871235172e+94
"2688","Craseonycteris thonglongyai","Betacoronavirus",0,2.40279690835974e+94
"141","Cynopterus sphinx","Betacoronavirus",1,1.87449481312979e+94
"171","Nyctalus noctula","Betacoronavirus",1,1.80182351707859e+94
"3013","Miniopterus robustior","Betacoronavirus",0,1.73723318366707e+94
"3016","Molossops aequatorianus","Betacoronavirus",0,1.40725753978909e+94
"2696","Cynopterus nusatenggara","Betacoronavirus",0,1.03493625787166e+94
"3315","Pipistrellus subflavus","Betacoronavirus",0,9.40984736782104e+93
"3214","Nycteris gambiensis","Betacoronavirus",0,8.94514993114251e+93
"3496","Rousettus lanosus","Betacoronavirus",0,4.60674721339874e+93
"2690","Cynomops greenhalli","Betacoronavirus",0,4.1282598306181e+93
"3530","Scotophilus viridis","Betacoronavirus",0,1.74360486456155e+93
"3501","Saccolaimus flaviventris","Betacoronavirus",0,1.39533405460029e+93
"2697","Cynopterus titthaecheilus","Betacoronavirus",0,1.23333728556653e+93
"3529","Scotophilus robustus","Betacoronavirus",0,6.888667998826e+92
"3590","Triaenops rufus","Betacoronavirus",0,6.71762216046171e+92
"3589","Triaenops furculus","Betacoronavirus",0,3.21378628144123e+92
"2700","Diaemus youngi","Betacoronavirus",0,3.1344002586064e+92
"2613","Artibeus jamaicensis","Betacoronavirus",0,2.49427479264667e+92
"3213","Nycteris aurita","Betacoronavirus",0,1.9419519192301e+92
"3576","Taphozous melanopogon","Betacoronavirus",0,1.87590490372253e+92
"2687","Corynorhinus townsendii","Betacoronavirus",0,1.61035592959608e+92
"3500","Rousettus spinalatus","Betacoronavirus",0,8.22654574584139e+91
"3207","Nyctalus furvus","Betacoronavirus",0,6.49412708236918e+91
"3211","Nyctalus plancyi","Betacoronavirus",0,4.55839655118558e+91
"3208","Nyctalus lasiopterus","Betacoronavirus",0,3.31578402621493e+91
"2812","Hesperoptenus tomesi","Betacoronavirus",0,2.41134413775545e+91
"3319","Platalina genovensium","Betacoronavirus",0,1.93253932035871e+91
"2698","Cyttarops alecto","Betacoronavirus",0,1.80495976733772e+91
"3206","Nyctalus azoreum","Betacoronavirus",0,1.47241629633175e+91
"2750","Eptesicus fuscus","Betacoronavirus",0,1.23138693686008e+91
"3215","Nycteris grandis","Betacoronavirus",0,7.93288272610158e+90
"2619","Balantiopteryx infusca","Betacoronavirus",0,6.84158155544317e+90
"3524","Scotophilus heathii","Betacoronavirus",0,6.84158155544317e+90
"2607","Artibeus fraterculus","Betacoronavirus",0,3.19000628407343e+90
"3212","Nycteris arge","Betacoronavirus",0,3.04585585187504e+90
"3378","Pteropus lylei","Betacoronavirus",0,1.4980902723739e+90
"3559","Tadarida brasiliensis","Betacoronavirus",0,1.2944346311368e+90
"3026","Molossus rufus","Betacoronavirus",0,1.28755992501823e+90
"2799","Glossophaga soricina","Betacoronavirus",0,1.28562341026348e+90
"3498","Rousettus madagascariensis","Betacoronavirus",0,1.04615913839602e+90
"170","Neoromicia capensis","Betacoronavirus",1,9.97047913605998e+89
"3161","Myotis rosseti","Betacoronavirus",0,9.97047913605998e+89
"3548","Sturnira mordax","Betacoronavirus",0,8.98837454464992e+89
"3539","Sturnira aratathomasi","Betacoronavirus",0,8.98730094654353e+89
"3542","Sturnira erythromos","Betacoronavirus",0,8.79916553272917e+89
"3188","Natalus tumidirostris","Betacoronavirus",0,8.59628682160119e+89
"3120","Myotis hajastanicus","Betacoronavirus",0,8.50564306374627e+89
"2814","Hipposideros ater","Betacoronavirus",0,8.41989033683421e+89
"3540","Sturnira bidens","Betacoronavirus",0,8.01171399901471e+89
"3544","Sturnira ludovici","Betacoronavirus",0,7.88674802041204e+89
"3366","Pteropus fundatus","Betacoronavirus",0,7.22353405626029e+89
"177","Pipistrellus pipistrellus","Betacoronavirus",1,6.9459616040985e+89
"2813","Hipposideros abae","Betacoronavirus",0,6.59707785005759e+89
"3552","Sturnira tildae","Betacoronavirus",0,6.35365621329093e+89
"200","Taphozous perforatus","Betacoronavirus",1,6.14955118910815e+89
"2807","Harpyionycteris whiteheadi","Betacoronavirus",0,5.88029388991378e+89
"2809","Hesperoptenus doriae","Betacoronavirus",0,5.38984777540994e+89
"3382","Pteropus melanopogon","Betacoronavirus",0,4.79947056074464e+89
"2686","Corynorhinus rafinesquii","Betacoronavirus",0,2.08657415575462e+89
"2808","Hesperoptenus blanfordi","Betacoronavirus",0,2.08407292505988e+89
"2614","Artibeus toltecus","Betacoronavirus",0,1.18406201504696e+89
"3374","Pteropus leucopterus","Betacoronavirus",0,1.16347685933429e+89
"3126","Myotis insularum","Betacoronavirus",0,1.1154296985361e+89
"3190","Neopteryx frosti","Betacoronavirus",0,9.27325626366488e+88
"2694","Cynopterus luzoniensis","Betacoronavirus",0,7.60435274507408e+88
"3551","Sturnira thomasi","Betacoronavirus",0,7.54732829837803e+88
"3318","Pipistrellus westralis","Betacoronavirus",0,7.0918577297021e+88
"3323","Platyrrhinus chocoensis","Betacoronavirus",0,6.13248278541613e+88
"2810","Hesperoptenus gaskelli","Betacoronavirus",0,6.03853923382102e+88
"135","Artibeus phaeotis","Betacoronavirus",1,4.70477615092915e+88
"3461","Rhinolophus ruwenzorii","Betacoronavirus",0,4.70477615092915e+88
"3132","Myotis longipes","Betacoronavirus",0,4.41697347887613e+88
"3550","Sturnira oporaphilum","Betacoronavirus",0,4.36006296782852e+88
"3465","Rhinolophus shortridgei","Betacoronavirus",0,4.12938953323614e+88
"2650","Chaerephon pumilus","Betacoronavirus",0,3.40325207741188e+88
"3151","Myotis oxygnathus","Betacoronavirus",0,2.29405020311143e+88
"3112","Myotis fimbriatus","Betacoronavirus",0,2.27321229635628e+88
"3145","Myotis nattereri","Betacoronavirus",0,2.27321229635628e+88
"3173","Myotis velifer","Betacoronavirus",0,2.27321229635628e+88
"3113","Myotis findleyi","Betacoronavirus",0,2.2474038225621e+88
"2811","Hesperoptenus tickelli","Betacoronavirus",0,2.12879231419722e+88
"2788","Glauconycteris kenyacola","Betacoronavirus",0,1.94388852117248e+88
"3164","Myotis scotti","Betacoronavirus",0,1.72877791266907e+88
"3321","Platyrrhinus aurarius","Betacoronavirus",0,1.72006644690604e+88
"3432","Rhinolophus eloquens","Betacoronavirus",0,1.54643360567472e+88
"3458","Rhinolophus robinsoni","Betacoronavirus",0,1.54643360567472e+88
"166","Myotis dasycneme","Betacoronavirus",1,1.47194011497226e+88
"2620","Balantiopteryx io","Betacoronavirus",0,1.47194011497226e+88
"3139","Myotis moluccarum","Betacoronavirus",0,1.47194011497226e+88
"3167","Myotis siligorensis","Betacoronavirus",0,1.47194011497226e+88
"3106","Myotis cobanensis","Betacoronavirus",0,1.26692070033165e+88
"3136","Myotis macrotarsus","Betacoronavirus",0,1.26692070033165e+88
"3165","Myotis septentrionalis","Betacoronavirus",0,1.26692070033165e+88
"3194","Neoromicia helios","Betacoronavirus",0,1.26692070033165e+88
"3157","Myotis pruinosus","Betacoronavirus",0,1.26425936120386e+88
"3187","Natalus stramineus","Betacoronavirus",0,1.26425936120386e+88
"3121","Myotis hasseltii","Betacoronavirus",0,1.09940230029001e+88
"165","Mops condylurus","Betacoronavirus",1,9.8202864808461e+87
"178","Pipistrellus pygmaeus","Betacoronavirus",1,9.17522008296455e+87
"3314","Pipistrellus sturdeei","Betacoronavirus",0,8.83810940259392e+87
"3186","Natalus primus","Betacoronavirus",0,8.5509839633985e+87
"2706","Dobsonia anderseni","Betacoronavirus",0,8.04841262048547e+87
"3413","Pteropus woodfordi","Betacoronavirus",0,7.80578149975176e+87
"136","Aselliscus stoliczkanus","Betacoronavirus",1,7.30599426025467e+87
"3437","Rhinolophus hildebrandtii","Betacoronavirus",0,7.30599426025467e+87
"3464","Rhinolophus shameli","Betacoronavirus",0,7.30599426025467e+87
"3328","Platyrrhinus recifinus","Betacoronavirus",0,6.23285416776916e+87
"3324","Platyrrhinus dorsalis","Betacoronavirus",0,5.91632256560263e+87
"176","Pipistrellus nathusii","Betacoronavirus",1,5.649782954519e+87
"2800","Glyphonycteris behnii","Betacoronavirus",0,5.50218536592146e+87
"2612","Artibeus inopinatus","Betacoronavirus",0,5.00010732252056e+87
"3317","Pipistrellus wattsi","Betacoronavirus",0,5.00010732252056e+87
"3439","Rhinolophus hillorum","Betacoronavirus",0,4.98762043478293e+87
"3467","Rhinolophus silvestris","Betacoronavirus",0,4.98762043478293e+87
"3115","Myotis fortidens","Betacoronavirus",0,4.45704878846825e+87
"3147","Myotis nigricans","Betacoronavirus",0,4.45704878846825e+87
"3175","Myotis volans","Betacoronavirus",0,4.45704878846825e+87
"169","Myotis ricketti","Betacoronavirus",1,4.23849639371081e+87
"3131","Myotis levis","Betacoronavirus",0,4.23849639371081e+87
"3189","Neonycteris pusilla","Betacoronavirus",0,4.23849639371081e+87
"3541","Sturnira bogotensis","Betacoronavirus",0,4.14327793841664e+87
"3307","Pipistrellus nanulus","Betacoronavirus",0,3.58003178472006e+87
"180","Pteronotus davyi","Betacoronavirus",1,3.50923811826997e+87
"3326","Platyrrhinus infuscus","Betacoronavirus",0,3.02686900896346e+87
"3320","Platymops setiger","Betacoronavirus",0,2.85896889870274e+87
"192","Rhinolophus rex","Betacoronavirus",1,2.73928581056942e+87
"3431","Rhinolophus denti","Betacoronavirus",0,2.73928581056942e+87
"3325","Platyrrhinus helleri","Betacoronavirus",0,2.72302325406852e+87
"3545","Sturnira luisi","Betacoronavirus",0,2.573335693275e+87
"3182","Myzopoda aurita","Betacoronavirus",0,2.56152956632907e+87
"2942","Lasiurus xanthinus","Betacoronavirus",0,2.55229796474949e+87
"3327","Platyrrhinus lineatus","Betacoronavirus",0,2.39562561049716e+87
"138","Chaerephon plicatus","Betacoronavirus",1,2.29244766720428e+87
"2948","Lichonycteris obscura","Betacoronavirus",0,2.05535652230014e+87
"3103","Myotis chiloensis","Betacoronavirus",0,1.80905735645438e+87
"3134","Myotis macrodactylus","Betacoronavirus",0,1.80905735645438e+87
"3163","Myotis schaubi","Betacoronavirus",0,1.80905735645438e+87
"3192","Neoromicia flavescens","Betacoronavirus",0,1.80905735645438e+87
"3309","Pipistrellus paterculus","Betacoronavirus",0,1.76537046252093e+87
"3148","Myotis nipalensis","Betacoronavirus",0,1.72833256493365e+87
"3105","Myotis ciliolabrum","Betacoronavirus",0,1.56273511646893e+87
"3135","Myotis macropus","Betacoronavirus",0,1.56273511646893e+87
"3193","Neoromicia guineensis","Betacoronavirus",0,1.56273511646893e+87
"2609","Artibeus gnomus","Betacoronavirus",0,1.55860803762564e+87
"3128","Myotis keenii","Betacoronavirus",0,1.55860803762564e+87
"3156","Myotis planiceps","Betacoronavirus",0,1.55860803762564e+87
"3185","Natalus major","Betacoronavirus",0,1.55860803762564e+87
"2705","Diphylla ecaudata","Betacoronavirus",0,1.55097762757578e+87
"2615","Artibeus watsoni","Betacoronavirus",0,1.34873143523545e+87
"3434","Rhinolophus formosae","Betacoronavirus",0,1.34873143523545e+87
"3462","Rhinolophus sakejiensis","Betacoronavirus",0,1.34873143523545e+87
"3365","Pteropus faunulus","Betacoronavirus",0,1.18298096930666e+87
"3394","Pteropus poliocephalus","Betacoronavirus",0,1.18298096930666e+87
"3421","Rhinolophus bocharicus","Betacoronavirus",0,1.18298096930666e+87
"3433","Rhinolophus euryotis","Betacoronavirus",0,1.14621175655172e+87
"3460","Rhinolophus rufus","Betacoronavirus",0,1.14621175655172e+87
"2945","Leptonycteris curasoae","Betacoronavirus",0,1.10027338628356e+87
"3546","Sturnira magna","Betacoronavirus",0,1.03464422429006e+87
"3133","Myotis lucifugus","Betacoronavirus",0,9.6656403922036e+86
"3306","Pipistrellus minahassae","Betacoronavirus",0,9.43034234015525e+86
"3588","Triaenops auritus","Betacoronavirus",0,8.83096253035355e+86
"3158","Myotis punicus","Betacoronavirus",0,8.4996377431902e+86
"3329","Platyrrhinus umbratus","Betacoronavirus",0,8.48815771369057e+86
"3446","Rhinolophus maclaudi","Betacoronavirus",0,6.67802622560756e+86
"3473","Rhinolophus trifoliatus","Betacoronavirus",0,6.67802622560756e+86
"167","Myotis daubentonii","Betacoronavirus",1,6.3903493224588e+86
"3140","Myotis montivagus","Betacoronavirus",0,6.3903493224588e+86
"3168","Myotis simus","Betacoronavirus",0,6.3903493224588e+86
"3209","Nyctalus leisleri","Betacoronavirus",0,6.35426673843379e+86
"3116","Myotis frater","Betacoronavirus",0,6.2815759347331e+86
"3316","Pipistrellus tenuis","Betacoronavirus",0,5.93234967607899e+86
"3146","Myotis nesopolus","Betacoronavirus",0,5.70086920557306e+86
"3174","Myotis vivesi","Betacoronavirus",0,5.70086920557306e+86
"3565","Tadarida teniotis","Betacoronavirus",0,5.68195305887417e+86
"3557","Tadarida aegyptiaca","Betacoronavirus",0,5.58209714213208e+86
"2749","Eptesicus furinalis","Betacoronavirus",0,5.34891531546189e+86
"3311","Pipistrellus rueppellii","Betacoronavirus",0,4.94023081850668e+86
"3435","Rhinolophus fumigatus","Betacoronavirus",0,4.81714304935264e+86
"3442","Rhinolophus keyensis","Betacoronavirus",0,4.28309156936623e+86
"3566","Tadarida ventralis","Betacoronavirus",0,4.26560195129699e+86
"3558","Tadarida australis","Betacoronavirus",0,4.13630294140571e+86
"183","Pteropus giganteus","Betacoronavirus",1,3.94932587231108e+86
"3395","Pteropus pselaphon","Betacoronavirus",0,3.94932587231108e+86
"3422","Rhinolophus borneensis","Betacoronavirus",0,3.94932587231108e+86
"2939","Lasiurus salinae","Betacoronavirus",0,3.51692087995531e+86
"2806","Harpyionycteris celebensis","Betacoronavirus",0,3.41875856853474e+86
"189","Rhinolophus hipposideros","Betacoronavirus",1,3.37878259710191e+86
"3468","Rhinolophus simulator","Betacoronavirus",0,3.37878259710191e+86
"3578","Taphozous theobaldi","Betacoronavirus",0,3.3456948550846e+86
"3159","Myotis ridleyi","Betacoronavirus",0,3.29856776502261e+86
"3177","Myotis yanbarensis","Betacoronavirus",0,3.2735113241123e+86
"3444","Rhinolophus lepidus","Betacoronavirus",0,3.24894417869668e+86
"3459","Rhinolophus rouxii","Betacoronavirus",0,3.12848155938183e+86
"2604","Artibeus cinereus","Betacoronavirus",0,2.8866445475313e+86
"3036","Mops nanulus","Betacoronavirus",0,2.8866445475313e+86
"2933","Lasiurus ega","Betacoronavirus",0,2.77967198153303e+86
"186","Rhinolophus clivosus","Betacoronavirus",1,2.47961902668863e+86
"3451","Rhinolophus megaphyllus","Betacoronavirus",0,2.45294430693557e+86
"2797","Glossophaga longirostris","Betacoronavirus",0,2.4185354362624e+86
"3472","Rhinolophus swinnyi","Betacoronavirus",0,2.19754988621713e+86
"3383","Pteropus melanotus","Betacoronavirus",0,2.0738069502309e+86
"3409","Pteropus ualanus","Betacoronavirus",0,2.0738069502309e+86
"3122","Myotis hermani","Betacoronavirus",0,1.99135308784529e+86
"3180","Mystacina robusta","Betacoronavirus",0,1.99135308784529e+86
"3563","Tadarida latouchei","Betacoronavirus",0,1.87164292049297e+86
"3450","Rhinolophus marshalli","Betacoronavirus",0,1.83399514332744e+86
"193","Rhinolophus thomasi","Betacoronavirus",1,1.66971293494153e+86
"2617","Asellia tridens","Betacoronavirus",0,1.61289789618271e+86
"3436","Rhinolophus guineensis","Betacoronavirus",0,1.61289789618271e+86
"3463","Rhinolophus sedulus","Betacoronavirus",0,1.61289789618271e+86
"191","Rhinolophus monoceros","Betacoronavirus",1,1.57459401717673e+86
"3560","Tadarida fulminans","Betacoronavirus",0,1.38745105269516e+86
"2616","Asellia patrizii","Betacoronavirus",0,1.3517081168068e+86
"2946","Leptonycteris nivalis","Betacoronavirus",0,1.25040829836899e+86
"3577","Taphozous nudiventris","Betacoronavirus",0,1.2045526090197e+86
"3388","Pteropus ocularis","Betacoronavirus",0,1.18608177158468e+86
"3415","Pygoderma bilabiatum","Betacoronavirus",0,1.18608177158468e+86
"3123","Myotis horsfieldii","Betacoronavirus",0,1.1051802780111e+86
"3152","Myotis oxyotus","Betacoronavirus",0,1.1051802780111e+86
"3181","Mystacina tuberculata","Betacoronavirus",0,1.1051802780111e+86
"190","Rhinolophus mehelyi","Betacoronavirus",1,1.10284074875294e+86
"134","Artibeus obscurus","Betacoronavirus",1,1.03695957607732e+86
"3031","Mops congicus","Betacoronavirus",0,8.72931130436275e+85
"3384","Pteropus molossinus","Betacoronavirus",0,8.35496674010688e+85
"3410","Pteropus vampyrus","Betacoronavirus",0,8.35496674010688e+85
"3035","Mops mops","Betacoronavirus",0,8.32744418363357e+85
"2940","Lasiurus seminolus","Betacoronavirus",0,8.11092501854602e+85
"3124","Myotis hosonoi","Betacoronavirus",0,7.87482338039143e+85
"3153","Myotis ozensis","Betacoronavirus",0,7.87482338039143e+85
"3549","Sturnira nana","Betacoronavirus",0,7.83157229203127e+85
"2860","Hipposideros pomona","Betacoronavirus",0,6.31551157087683e+85
"2887","Hypsugo ariel","Betacoronavirus",0,6.31551157087683e+85
"2934","Lasiurus egregius","Betacoronavirus",0,6.29883938782862e+85
"3117","Myotis gomantongensis","Betacoronavirus",0,5.72422702697527e+85
"3176","Myotis welwitschii","Betacoronavirus",0,5.72422702697527e+85
"3418","Rhinolophus alcyone","Betacoronavirus",0,5.40982908828205e+85
"3448","Rhinolophus maendeleo","Betacoronavirus",0,5.38637120752901e+85
"3475","Rhinolophus yunanensis","Betacoronavirus",0,5.38637120752901e+85
"184","Pteropus rufus","Betacoronavirus",1,5.28884049839145e+85
"3371","Pteropus insularis","Betacoronavirus",0,5.28884049839145e+85
"3373","Pteropus keyensis","Betacoronavirus",0,4.96846893733828e+85
"3401","Pteropus scapulatus","Betacoronavirus",0,4.96846893733828e+85
"3386","Pteropus niger","Betacoronavirus",0,4.61953337513318e+85
"3412","Pteropus voeltzkowi","Betacoronavirus",0,4.61953337513318e+85
"3447","Rhinolophus madurensis","Betacoronavirus",0,4.4980636091763e+85
"3474","Rhinolophus virgo","Betacoronavirus",0,4.4980636091763e+85
"168","Myotis emarginatus","Betacoronavirus",1,4.4286875751956e+85
"3144","Myotis mystacinus","Betacoronavirus",0,4.4286875751956e+85
"3172","Myotis tricolor","Betacoronavirus",0,4.4286875751956e+85
"188","Rhinolophus creaghi","Betacoronavirus",1,4.16120603012518e+85
"3456","Rhinolophus paradoxolophus","Betacoronavirus",0,4.16120603012518e+85
"3561","Tadarida insignis","Betacoronavirus",0,3.8289828381069e+85
"2657","Chalinolobus morio","Betacoronavirus",0,3.54498908099258e+85
"187","Rhinolophus cornutus","Betacoronavirus",1,3.41369151955236e+85
"3455","Rhinolophus osgoodi","Betacoronavirus",0,3.41369151955236e+85
"3479","Rhinophylla pumilio","Betacoronavirus",0,3.41369151955236e+85
"2656","Chalinolobus gouldii","Betacoronavirus",0,3.38711893262862e+85
"2581","Aethalops aequalis","Betacoronavirus",0,3.37648501296689e+85
"2649","Chaerephon nigeriae","Betacoronavirus",0,3.3618856475178e+85
"158","Hipposideros ruber","Betacoronavirus",1,3.24715872955712e+85
"2892","Hypsugo imbricatus","Betacoronavirus",0,3.24715872955712e+85
"2792","Glauconycteris variegata","Betacoronavirus",0,3.10244838478738e+85
"3381","Pteropus mariannus","Betacoronavirus",0,3.03029823929319e+85
"3408","Pteropus tuberculatus","Betacoronavirus",0,3.03029823929319e+85
"3385","Pteropus neohibernicus","Betacoronavirus",0,2.92056548042476e+85
"3411","Pteropus vetulus","Betacoronavirus",0,2.92056548042476e+85
"2944","Lavia frons","Betacoronavirus",0,2.88229146241559e+85
"3357","Pteropus banakrisi","Betacoronavirus",0,2.80097215584056e+85
"3363","Pteropus conspicillatus","Betacoronavirus",0,2.76600382316873e+85
"2701","Diclidurus albus","Betacoronavirus",0,2.75196188019183e+85
"3358","Pteropus brunneus","Betacoronavirus",0,2.72366152205928e+85
"159","Hypsugo savii","Betacoronavirus",1,2.59983960285252e+85
"2871","Hipposideros turpis","Betacoronavirus",0,2.59983960285252e+85
"3428","Rhinolophus convexus","Betacoronavirus",0,2.57730867981836e+85
"3454","Rhinolophus nereis","Betacoronavirus",0,2.57730867981836e+85
"3478","Rhinophylla fischerae","Betacoronavirus",0,2.57730867981836e+85
"3361","Pteropus chrysoproctus","Betacoronavirus",0,2.55147594389751e+85
"3360","Pteropus capistratus","Betacoronavirus",0,2.50723215621192e+85
"2943","Latidens salimalii","Betacoronavirus",0,2.29655083874931e+85
"2704","Diclidurus scutatus","Betacoronavirus",0,2.26526448760923e+85
"3027","Molossus sinaloae","Betacoronavirus",0,2.20537205836239e+85
"3562","Tadarida kuboriensis","Betacoronavirus",0,2.12697812456631e+85
"3210","Nyctalus montanus","Betacoronavirus",0,2.00186223197232e+85
"3379","Pteropus macrotis","Betacoronavirus",0,1.89383049955606e+85
"3406","Pteropus tokudae","Betacoronavirus",0,1.89383049955606e+85
"2603","Artibeus aztecus","Betacoronavirus",0,1.73454537352704e+85
"2796","Glossophaga leachii","Betacoronavirus",0,1.72104559239612e+85
"157","Hipposideros pratti","Betacoronavirus",1,1.60489825075037e+85
"2888","Hypsugo bodenheimeri","Betacoronavirus",0,1.60489825075037e+85
"2935","Lasiurus insularis","Betacoronavirus",0,1.6039780625541e+85
"2758","Eptesicus nasutus","Betacoronavirus",0,1.36182682245539e+85
"3430","Rhinolophus deckenii","Betacoronavirus",0,1.3469928809453e+85
"2651","Chaerephon russatus","Betacoronavirus",0,1.15879742783286e+85
"3313","Pipistrellus stenopterus","Betacoronavirus",0,1.10854459121895e+85
"2938","Lasiurus pfeifferi","Betacoronavirus",0,9.19199854240041e+84
"2949","Lionycteris spurrelli","Betacoronavirus",0,8.27907114749953e+84
"2585","Amorphochilus schnablii","Betacoronavirus",0,7.37941739660983e+84
"3449","Rhinolophus malayanus","Betacoronavirus",0,7.37941739660983e+84
"3476","Rhinolophus ziama","Betacoronavirus",0,7.37941739660983e+84
"3367","Pteropus gilliardorum","Betacoronavirus",0,7.25960620348263e+84
"3396","Pteropus pumilus","Betacoronavirus",0,7.25960620348263e+84
"3423","Rhinolophus canuti","Betacoronavirus",0,7.25960620348263e+84
"3110","Myotis elegans","Betacoronavirus",0,6.40772932402758e+84
"3143","Myotis myotis","Betacoronavirus",0,6.40772932402758e+84
"3171","Myotis thysanodes","Betacoronavirus",0,6.40772932402758e+84
"2791","Glauconycteris superba","Betacoronavirus",0,5.96299473017439e+84
"2654","Chaerephon tomensis","Betacoronavirus",0,5.3569952608865e+84
"2754","Eptesicus innoxius","Betacoronavirus",0,5.31508750866843e+84
"2702","Diclidurus ingens","Betacoronavirus",0,5.00631984362373e+84
"3377","Pteropus loochoensis","Betacoronavirus",0,4.831060803789e+84
"3404","Pteropus subniger","Betacoronavirus",0,4.831060803789e+84
"2605","Artibeus concolor","Betacoronavirus",0,4.58809144563436e+84
"3037","Mops niangarae","Betacoronavirus",0,4.58809144563436e+84
"2608","Artibeus glaucus","Betacoronavirus",0,4.09901442257332e+84
"3127","Myotis keaysi","Betacoronavirus",0,4.09901442257332e+84
"3155","Myotis pequinius","Betacoronavirus",0,4.09901442257332e+84
"3184","Natalus jamaicensis","Betacoronavirus",0,4.09901442257332e+84
"2789","Glauconycteris machadoi","Betacoronavirus",0,3.60219483359788e+84
"3372","Pteropus intermedius","Betacoronavirus",0,3.27783190395417e+84
"3400","Pteropus samoensis","Betacoronavirus",0,3.27783190395417e+84
"3389","Pteropus ornatus","Betacoronavirus",0,3.21634426490926e+84
"3416","Rhinolophus acuminatus","Betacoronavirus",0,3.21634426490926e+84
"3331","Plecotus alpinus","Betacoronavirus",0,3.20028497645749e+84
"2703","Diclidurus isabellus","Betacoronavirus",0,3.13980598221725e+84
"160","Ia io","Betacoronavirus",1,3.09278471865801e+84
"2872","Hipposideros vittatus","Betacoronavirus",0,3.09278471865801e+84
"3569","Taphozous georgianus","Betacoronavirus",0,2.28564541050781e+84
"3330","Platyrrhinus vittatus","Betacoronavirus",0,1.8420540082242e+84
"2646","Chaerephon johorensis","Betacoronavirus",0,1.70645561948527e+84
"2862","Hipposideros ridleyi","Betacoronavirus",0,1.28482987220448e+84
"2890","Hypsugo crassulus","Betacoronavirus",0,1.28482987220448e+84
"3441","Rhinolophus inops","Betacoronavirus",0,1.21320030595723e+84
"3469","Rhinolophus stheno","Betacoronavirus",0,1.21320030595723e+84
"3109","Myotis dominicensis","Betacoronavirus",0,1.11483598056802e+84
"3142","Myotis muricola","Betacoronavirus",0,1.11483598056802e+84
"3170","Myotis stalkeri","Betacoronavirus",0,1.11483598056802e+84
"2771","Eumops patagonicus","Betacoronavirus",0,1.10967607063739e+84
"3440","Rhinolophus imaizumii","Betacoronavirus",0,1.10354975265618e+84
"2757","Eptesicus matroka","Betacoronavirus",0,9.71895605198884e+83
"2856","Hipposideros obscurus","Betacoronavirus",0,9.62730277098822e+83
"2883","Hypsugo alaschanicus","Betacoronavirus",0,9.62730277098822e+83
"3380","Pteropus mahaganus","Betacoronavirus",0,8.29360894821058e+83
"3407","Pteropus tonganus","Betacoronavirus",0,8.29360894821058e+83
"3108","Myotis davidii","Betacoronavirus",0,7.70530481149978e+83
"3141","Myotis morrisi","Betacoronavirus",0,7.70530481149978e+83
"3169","Myotis sodalis","Betacoronavirus",0,7.70530481149978e+83
"2786","Glauconycteris gleni","Betacoronavirus",0,7.53372188729056e+83
"2801","Glyphonycteris daviesi","Betacoronavirus",0,7.16585086763581e+83
"2795","Glossophaga commissarisi","Betacoronavirus",0,7.02925824480467e+83
"185","Rhinolophus affinis","Betacoronavirus",1,6.8445098438143e+83
"3391","Pteropus personatus","Betacoronavirus",0,6.8445098438143e+83
"2787","Glauconycteris humeralis","Betacoronavirus",0,6.75939811522132e+83
"2794","Glischropus tylopus","Betacoronavirus",0,6.73241984196543e+83
"3032","Mops demonstrator","Betacoronavirus",0,6.54549635690816e+83
"2782","Glauconycteris argentata","Betacoronavirus",0,6.28963729855416e+83
"2857","Hipposideros orbiculus","Betacoronavirus",0,5.71500866729692e+83
"2884","Hypsugo anchietae","Betacoronavirus",0,5.71500866729692e+83
"2798","Glossophaga morenoi","Betacoronavirus",0,5.46026747202934e+83
"3195","Neoromicia melckorum","Betacoronavirus",0,4.8804648043738e+83
"3567","Taphozous achates","Betacoronavirus",0,4.17110029435386e+83
"3368","Pteropus griseus","Betacoronavirus",0,4.12125998507642e+83
"3397","Pteropus rayneri","Betacoronavirus",0,4.12125998507642e+83
"3424","Rhinolophus capensis","Betacoronavirus",0,4.12125998507642e+83
"3547","Sturnira mistratensis","Betacoronavirus",0,3.99247819944582e+83
"2937","Lasiurus minor","Betacoronavirus",0,3.71720823438293e+83
"2861","Hipposideros pygmaeus","Betacoronavirus",0,3.70658112590881e+83
"2889","Hypsugo cadornae","Betacoronavirus",0,3.70658112590881e+83
"2859","Hipposideros pelingensis","Betacoronavirus",0,3.6024621970483e+83
"2886","Hypsugo arabicus","Betacoronavirus",0,3.6024621970483e+83
"2753","Eptesicus hottentotus","Betacoronavirus",0,3.13043118718561e+83
"3445","Rhinolophus luctus","Betacoronavirus",0,2.99461625000518e+83
"3471","Rhinolophus subrufus","Betacoronavirus",0,2.99461625000518e+83
"2793","Glischropus javanus","Betacoronavirus",0,2.87260588687787e+83
"2855","Hipposideros nequam","Betacoronavirus",0,2.55460232326886e+83
"2882","Hypsignathus monstrosus","Betacoronavirus",0,2.55460232326886e+83
"2868","Hipposideros stenotis","Betacoronavirus",0,2.05689810055745e+83
"2653","Chaerephon solomonis","Betacoronavirus",0,2.03223724396094e+83
"2780","Furipterus horrens","Betacoronavirus",0,2.00911149533598e+83
"2755","Eptesicus japonensis","Betacoronavirus",0,1.93220494398649e+83
"2873","Hipposideros wollastoni","Betacoronavirus",0,1.58480962426834e+83
"2900","Idionycteris phyllotis","Betacoronavirus",0,1.58480962426834e+83
"3308","Pipistrellus papuanus","Betacoronavirus",0,1.50499992734486e+83
"3443","Rhinolophus landeri","Betacoronavirus",0,1.41272633651277e+83
"3470","Rhinolophus subbadius","Betacoronavirus",0,1.41272633651277e+83
"2851","Hipposideros maggietaylorae","Betacoronavirus",0,1.36676795390717e+83
"2879","Histiotus montanus","Betacoronavirus",0,1.36676795390717e+83
"2853","Hipposideros megalotis","Betacoronavirus",0,1.2985163935441e+83
"2880","Histiotus velatus","Betacoronavirus",0,1.2985163935441e+83
"3571","Taphozous hildegardeae","Betacoronavirus",0,1.2138211142359e+83
"2790","Glauconycteris poensis","Betacoronavirus",0,1.10708758109776e+83
"3575","Taphozous mauritianus","Betacoronavirus",0,1.07185188381412e+83
"3574","Taphozous longimanus","Betacoronavirus",0,1.05492100756039e+83
"2776","Falsistrellus mackenziei","Betacoronavirus",0,1.02808866824132e+83
"2864","Hipposideros scutinares","Betacoronavirus",0,9.92410937548758e+82
"2893","Hypsugo joffrei","Betacoronavirus",0,9.92410937548758e+82
"2899","Hypsugo vordermanni","Betacoronavirus",0,9.42340311374414e+82
"2878","Histiotus magellanicus","Betacoronavirus",0,8.16863325086048e+82
"3029","Monophyllus redmani","Betacoronavirus",0,7.54114511567348e+82
"2745","Eptesicus chiriquinus","Betacoronavirus",0,6.65359175744652e+82
"3312","Pipistrellus rusticus","Betacoronavirus",0,6.52536607050875e+82
"2748","Eptesicus floweri","Betacoronavirus",0,6.44209829400601e+82
"2595","Arielulus aureocollaris","Betacoronavirus",0,6.42946127193016e+82
"2894","Hypsugo kitcheneri","Betacoronavirus",0,5.98782884790215e+82
"3322","Platyrrhinus brachycephalus","Betacoronavirus",0,5.83489307636649e+82
"2707","Dobsonia beauforti","Betacoronavirus",0,5.80974387444364e+82
"2647","Chaerephon leucogaster","Betacoronavirus",0,5.68555526349918e+82
"2597","Arielulus cuprosus","Betacoronavirus",0,5.34106384839002e+82
"2781","Glauconycteris alboguttata","Betacoronavirus",0,5.09853293156656e+82
"2655","Chalinolobus dwyeri","Betacoronavirus",0,4.08813173998551e+82
"2712","Dobsonia inermis","Betacoronavirus",0,3.92569280535612e+82
"142","Dobsonia moluccensis","Betacoronavirus",1,3.52282225957659e+82
"2852","Hipposideros marisae","Betacoronavirus",0,3.51000673628082e+82
"2715","Dobsonia pannietensis","Betacoronavirus",0,3.42914405988407e+82
"2598","Arielulus societatis","Betacoronavirus",0,3.41971805703878e+82
"2660","Chalinolobus picatus","Betacoronavirus",0,3.37779833469137e+82
"2714","Dobsonia minor","Betacoronavirus",0,3.26321683841094e+82
"2951","Lonchophylla bokermanni","Betacoronavirus",0,3.21962995963888e+82
"2645","Chaerephon jobensis","Betacoronavirus",0,3.02047495223981e+82
"2783","Glauconycteris beatrix","Betacoronavirus",0,2.99645864262797e+82
"2869","Hipposideros sumbae","Betacoronavirus",0,2.77822349582207e+82
"2600","Ariteus flavescens","Betacoronavirus",0,2.53448378774324e+82
"2849","Hipposideros macrobullatus","Betacoronavirus",0,2.53448378774324e+82
"2877","Histiotus macrotus","Betacoronavirus",0,2.53448378774324e+82
"2756","Eptesicus kobayashii","Betacoronavirus",0,2.46918590046884e+82
"3573","Taphozous kapalgensis","Betacoronavirus",0,2.39443905944147e+82
"3107","Myotis csorbai","Betacoronavirus",0,2.37584149796597e+82
"3138","Myotis melanorhinus","Betacoronavirus",0,2.37584149796597e+82
"3166","Myotis sicarius","Betacoronavirus",0,2.37584149796597e+82
"2659","Chalinolobus nigrogriseus","Betacoronavirus",0,2.31584253331873e+82
"2936","Lasiurus intermedius","Betacoronavirus",0,2.22038314426576e+82
"2850","Hipposideros madurae","Betacoronavirus",0,2.10453131501895e+82
"3376","Pteropus lombocensis","Betacoronavirus",0,2.02380261950953e+82
"3403","Pteropus speciosus","Betacoronavirus",0,2.02380261950953e+82
"2648","Chaerephon major","Betacoronavirus",0,1.90106457635722e+82
"2858","Hipposideros papua","Betacoronavirus",0,1.88561897769971e+82
"2885","Hypsugo anthonyi","Betacoronavirus",0,1.88561897769971e+82
"3310","Pipistrellus permixtus","Betacoronavirus",0,1.67299655669973e+82
"194","Rhinonicteris aurantia","Betacoronavirus",1,1.59274044301568e+82
"3426","Rhinolophus coelophyllus","Betacoronavirus",0,1.59274044301568e+82
"3452","Rhinolophus mitratus","Betacoronavirus",0,1.59274044301568e+82
"2902","Kerivoula agnella","Betacoronavirus",0,1.532559245323e+82
"2596","Arielulus circumdatus","Betacoronavirus",0,1.27911136125294e+82
"2599","Arielulus torquatus","Betacoronavirus",0,1.2586697741819e+82
"3392","Pteropus pilosus","Betacoronavirus",0,1.1434223058061e+82
"3419","Rhinolophus arcuatus","Betacoronavirus",0,1.1434223058061e+82
"3364","Pteropus dasymallus","Betacoronavirus",0,9.15455090389133e+81
"3393","Pteropus pohlei","Betacoronavirus",0,9.15455090389133e+81
"3420","Rhinolophus beddomei","Betacoronavirus",0,9.15455090389133e+81
"3118","Myotis goudoti","Betacoronavirus",0,7.79632666724609e+81
"3149","Myotis occultus","Betacoronavirus",0,7.79632666724609e+81
"3178","Myotis yesoensis","Betacoronavirus",0,7.79632666724609e+81
"2606","Artibeus fimbriatus","Betacoronavirus",0,7.50824830538628e+81
"3125","Myotis ikonnikovi","Betacoronavirus",0,7.50824830538628e+81
"3154","Myotis peninsularis","Betacoronavirus",0,7.50824830538628e+81
"3183","Nanonycteris veldkampii","Betacoronavirus",0,7.50824830538628e+81
"3438","Rhinolophus hilli","Betacoronavirus",0,7.16416537738095e+81
"3466","Rhinolophus siamensis","Betacoronavirus",0,7.16416537738095e+81
"3066","Murina leucogaster","Betacoronavirus",0,6.84446144120487e+81
"3429","Rhinolophus darlingi","Betacoronavirus",0,5.70064166636533e+81
"3457","Rhinolophus philippinensis","Betacoronavirus",0,5.70064166636533e+81
"2751","Eptesicus gobiensis","Betacoronavirus",0,5.45857809968814e+81
"3390","Pteropus pelewensis","Betacoronavirus",0,5.38739206305674e+81
"3417","Rhinolophus adami","Betacoronavirus",0,5.38739206305674e+81
"3028","Monophyllus plethodon","Betacoronavirus",0,5.29112787110371e+81
"2874","Histiotus alienus","Betacoronavirus",0,5.14613790946385e+81
"2901","Kerivoula africana","Betacoronavirus",0,5.14613790946385e+81
"2950","Lissonycteris angolensis","Betacoronavirus",0,3.23370418047374e+81
"3603","Vespadelus baverstocki","Betacoronavirus",0,2.45068509377553e+81
"2947","Leptonycteris yerbabuenae","Betacoronavirus",0,2.42043095738548e+81
"2785","Glauconycteris egeria","Betacoronavirus",0,2.34258369667011e+81
"2928","Lasiurus borealis","Betacoronavirus",0,2.07857728030602e+81
"2772","Eumops perotis","Betacoronavirus",0,2.02896404364824e+81
"2930","Lasiurus cinereus","Betacoronavirus",0,1.97987516955639e+81
"2774","Eumops underwoodi","Betacoronavirus",0,1.96593169179974e+81
"2746","Eptesicus diminutus","Betacoronavirus",0,1.89658473833459e+81
"2870","Hipposideros thomensis","Betacoronavirus",0,1.37399798217873e+81
"2898","Hypsugo pulveratus","Betacoronavirus",0,1.37399798217873e+81
"3119","Myotis grisescens","Betacoronavirus",0,1.30086455182358e+81
"3150","Myotis oreias","Betacoronavirus",0,1.30086455182358e+81
"3179","Myotis yumanensis","Betacoronavirus",0,1.30086455182358e+81
"3344","Pteralopex anceps","Betacoronavirus",0,1.16893849728257e+81
"2867","Hipposideros speoris","Betacoronavirus",0,1.02474948809145e+81
"2897","Hypsugo musciculus","Betacoronavirus",0,1.02474948809145e+81
"3370","Pteropus hypomelanus","Betacoronavirus",0,7.19957614019471e+80
"3399","Pteropus rodricensis","Betacoronavirus",0,7.19957614019471e+80
"3570","Taphozous hamiltoni","Betacoronavirus",0,6.06278809809224e+80
"3033","Mops leucostigma","Betacoronavirus",0,5.86496568514208e+80
"2866","Hipposideros sorenseni","Betacoronavirus",0,5.32637733956355e+80
"2896","Hypsugo macrotis","Betacoronavirus",0,5.32637733956355e+80
"3348","Pteronotus gymnonotus","Betacoronavirus",0,5.17325885080998e+80
"3369","Pteropus howensis","Betacoronavirus",0,5.14439660505064e+80
"3398","Pteropus rennelli","Betacoronavirus",0,5.14439660505064e+80
"3038","Mops niveiventer","Betacoronavirus",0,4.72782839255917e+80
"3375","Pteropus livingstonii","Betacoronavirus",0,4.71854669014952e+80
"3402","Pteropus seychellensis","Betacoronavirus",0,4.71854669014952e+80
"2775","Falsistrellus affinis","Betacoronavirus",0,3.56464641631104e+80
"2661","Chalinolobus tuberculatus","Betacoronavirus",0,3.23498390150846e+80
"2621","Balantiopteryx plicata","Betacoronavirus",0,3.029276019814e+80
"2577","Acerodon humilis","Betacoronavirus",0,3.00177381204056e+80
"3359","Pteropus caniceps","Betacoronavirus",0,2.60691053128941e+80
"2777","Falsistrellus mordax","Betacoronavirus",0,2.52118662599588e+80
"3564","Tadarida lobata","Betacoronavirus",0,2.30419105708143e+80
"3427","Rhinolophus cognatus","Betacoronavirus",0,2.26046637600688e+80
"3453","Rhinolophus montanus","Betacoronavirus",0,2.26046637600688e+80
"3477","Rhinophylla alethina","Betacoronavirus",0,2.26046637600688e+80
"3387","Pteropus nitendiensis","Betacoronavirus",0,1.74655424821689e+80
"3414","Pteropus yapensis","Betacoronavirus",0,1.74655424821689e+80
"2752","Eptesicus guadeloupensis","Betacoronavirus",0,1.67707402386425e+80
"2773","Eumops trumbulli","Betacoronavirus",0,1.37460028127366e+80
"3362","Pteropus cognatus","Betacoronavirus",0,1.26109312931024e+80
"3572","Taphozous hilli","Betacoronavirus",0,1.25083101116732e+80
"3568","Taphozous australis","Betacoronavirus",0,4.76838911190711e+79
"2865","Hipposideros semoni","Betacoronavirus",0,3.72728323405033e+79
"2895","Hypsugo lophurus","Betacoronavirus",0,3.72728323405033e+79
"3609","Vespadelus regulus","Betacoronavirus",0,3.46992363257179e+79
"2658","Chalinolobus neocaledonicus","Betacoronavirus",0,3.43373694761883e+79
"2854","Hipposideros muscinus","Betacoronavirus",0,2.62727381869745e+79
"2881","Hylonycteris underwoodi","Betacoronavirus",0,2.62727381869745e+79
"3611","Vespadelus vulturnus","Betacoronavirus",0,2.50816737726745e+79
"3579","Taphozous troughtoni","Betacoronavirus",0,1.76783387673608e+79
"2927","Lasiurus blossevillii","Betacoronavirus",0,1.42248781403422e+79
"2863","Hipposideros rotalis","Betacoronavirus",0,1.01277805364372e+79
"2891","Hypsugo eisentrauti","Betacoronavirus",0,1.01277805364372e+79
"2926","Lasiurus atratus","Betacoronavirus",0,9.99843418384308e+78
"3608","Vespadelus pumilus","Betacoronavirus",0,6.95041676571264e+78
"2784","Glauconycteris curryae","Betacoronavirus",0,5.24314781305736e+78
"3034","Mops midas","Betacoronavirus",0,3.46808145023642e+78
"2747","Eptesicus dimissus","Betacoronavirus",0,2.72774590543514e+78
"2915","Kerivoula pellucida","Betacoronavirus",0,1.92151384597597e+78
"2713","Dobsonia magna","Betacoronavirus",0,1.66606819982392e+78
"2929","Lasiurus castaneus","Betacoronavirus",0,1.38616784167275e+78
"2920","Laephotis angolensis","Betacoronavirus",0,1.24340988068966e+78
"2875","Histiotus humboldti","Betacoronavirus",0,1.21538736592933e+78
"2903","Kerivoula argentata","Betacoronavirus",0,1.21538736592933e+78
"3347","Pteralopex taki","Betacoronavirus",0,1.01240333522897e+78
"2652","Chaerephon shortridgei","Betacoronavirus",0,9.89824297228283e+77
"2779","Falsistrellus tasmaniensis","Betacoronavirus",0,5.17533246092165e+77
"2914","Kerivoula papillosa","Betacoronavirus",0,3.74240123863986e+77
"2918","Kerivoula smithii","Betacoronavirus",0,3.411064628845e+77
"2925","Lasionycteris noctivagans","Betacoronavirus",0,1.85313229879814e+77
"3604","Vespadelus caurinus","Betacoronavirus",0,9.5785890854465e+76
"2917","Kerivoula picta","Betacoronavirus",0,7.19182682599856e+76
"2622","Balionycteris maculata","Betacoronavirus",0,5.28495157471396e+76
"2916","Kerivoula phalaena","Betacoronavirus",0,4.18935348736697e+76
"2594","Ardops nichollsi","Betacoronavirus",0,3.25586059141742e+76
"2876","Histiotus laephotis","Betacoronavirus",0,3.25586059141742e+76
"2904","Kerivoula cuprosa","Betacoronavirus",0,3.25586059141742e+76
"2962","Lonchorhina orinocensis","Betacoronavirus",0,2.06359315774063e+76
"2921","Laephotis botswanae","Betacoronavirus",0,1.68306474154674e+76
"2913","Kerivoula myrella","Betacoronavirus",0,1.22696321721438e+76
"3096","Myotis blythii","Betacoronavirus",0,7.19401591060681e+75
"2958","Lonchorhina aurita","Betacoronavirus",0,3.77512971396054e+75
"2972","Macrotus californicus","Betacoronavirus",0,3.10205520963695e+75
"155","Hipposideros commersoni","Betacoronavirus",1,2.58953476634651e+75
"3349","Pteronotus macleayii","Betacoronavirus",0,1.32622475433726e+75
"3345","Pteralopex atrata","Betacoronavirus",0,1.30999309882691e+75
"2974","Megaderma lyra","Betacoronavirus",0,8.04189559495322e+74
"3053","Mormopterus minutus","Betacoronavirus",0,7.22736082733038e+74
"2967","Lophostoma silvicolum","Betacoronavirus",0,6.36203897047308e+74
"2821","Hipposideros cineraceus","Betacoronavirus",0,5.57179622059616e+74
"3095","Myotis bechsteinii","Betacoronavirus",0,5.19788482066928e+74
"2924","Lampronycteris brachyotis","Betacoronavirus",0,4.97279003544733e+74
"2971","Macrophyllum macrophyllum","Betacoronavirus",0,4.35428494677685e+74
"3343","Pteralopex acrodonta","Betacoronavirus",0,4.10984555110331e+74
"3060","Murina cyclotis","Betacoronavirus",0,3.46726260454342e+74
"3059","Murina aurata","Betacoronavirus",0,3.26008063962212e+74
"3606","Vespadelus douglasorum","Betacoronavirus",0,1.75109145645051e+74
"2960","Lonchorhina inusitata","Betacoronavirus",0,1.65638106080527e+74
"3610","Vespadelus troughtoni","Betacoronavirus",0,1.5689511722949e+74
"2969","Macroglossus minimus","Betacoronavirus",0,1.07633456420223e+74
"2829","Hipposideros diadema","Betacoronavirus",0,9.72819672107141e+73
"2973","Macrotus waterhousii","Betacoronavirus",0,6.99810399709053e+73
"2970","Macroglossus sobrinus","Betacoronavirus",0,6.8912984128782e+73
"3094","Myotis austroriparius","Betacoronavirus",0,5.63001773138934e+73
"3057","Mosia nigrescens","Betacoronavirus",0,3.56173676256075e+73
"2923","Laephotis wintoni","Betacoronavirus",0,3.19975459539823e+73
"3607","Vespadelus finlaysoni","Betacoronavirus",0,2.99152409363532e+73
"2583","Alionycteris paucidentata","Betacoronavirus",0,2.48525618322981e+73
"3081","Myotis abei","Betacoronavirus",0,2.43228367214387e+73
"2922","Laephotis namibensis","Betacoronavirus",0,2.21096954925784e+73
"3605","Vespadelus darlingtoni","Betacoronavirus",0,1.99040766174423e+73
"2966","Lophostoma schulzi","Betacoronavirus",0,1.16923624690028e+73
"2965","Lophostoma evotis","Betacoronavirus",0,7.57813023343165e+72
"3062","Murina fusca","Betacoronavirus",0,7.45374652100555e+72
"3054","Mormopterus norfolkensis","Betacoronavirus",0,5.65222126135792e+72
"3084","Myotis albescens","Betacoronavirus",0,5.64612112216344e+72
"3093","Myotis australis","Betacoronavirus",0,5.13500592620209e+72
"2959","Lonchorhina fernandezi","Betacoronavirus",0,4.69085881936113e+72
"3061","Murina florium","Betacoronavirus",0,4.51942617934494e+72
"3097","Myotis bocagii","Betacoronavirus",0,4.18505993032094e+72
"3087","Myotis anjouanensis","Betacoronavirus",0,2.17416236453364e+72
"2964","Lophostoma carrikeri","Betacoronavirus",0,2.0953262723607e+72
"3063","Murina grisea","Betacoronavirus",0,1.9069217183868e+72
"172","Nyctinomops laticaudatus","Betacoronavirus",1,1.44423931584382e+72
"2624","Barbastella leucomelas","Betacoronavirus",0,1.42121712406708e+72
"2919","Kerivoula whiteheadi","Betacoronavirus",0,8.88107417331984e+71
"2625","Bauerus dubiaquercus","Betacoronavirus",0,4.96821474258483e+71
"3089","Myotis annectans","Betacoronavirus",0,3.41130445365504e+71
"3058","Murina aenea","Betacoronavirus",0,2.74935489148863e+71
"2824","Hipposideros coxi","Betacoronavirus",0,2.32265612021776e+71
"3082","Myotis adversus","Betacoronavirus",0,2.04638906602568e+71
"3088","Myotis annamiticus","Betacoronavirus",0,1.56068565484005e+71
"3346","Pteralopex pulchra","Betacoronavirus",0,4.34027669780992e+70
"2827","Hipposideros cyclops","Betacoronavirus",0,4.31120515917277e+70
"2823","Hipposideros corynophyllus","Betacoronavirus",0,4.02448439085258e+70
"2968","Macroderma gigas","Betacoronavirus",0,4.0051959078387e+70
"3224","Nycteris thebaica","Betacoronavirus",0,2.78366737906418e+70
"3250","Nyctinomops macrotis","Betacoronavirus",0,2.6203857656616e+70
"2830","Hipposideros dinops","Betacoronavirus",0,2.00119289617163e+70
"3090","Myotis atacamensis","Betacoronavirus",0,1.85622927927376e+70
"2822","Hipposideros coronatus","Betacoronavirus",0,1.23318219207319e+70
"3056","Mormopterus planiceps","Betacoronavirus",0,1.1159195407541e+70
"2826","Hipposideros curtus","Betacoronavirus",0,8.66662352575476e+69
"3055","Mormopterus phrudus","Betacoronavirus",0,7.4883690531602e+69
"3065","Murina huttoni","Betacoronavirus",0,5.99861738458329e+69
"3083","Myotis aelleni","Betacoronavirus",0,3.98746658315405e+69
"3085","Myotis alcathoe","Betacoronavirus",0,2.64021911271118e+69
"2825","Hipposideros crumeniferus","Betacoronavirus",0,2.64007155100353e+69
"2820","Hipposideros cervinus","Betacoronavirus",0,1.17523537562276e+69
"3046","Mormoops megalophylla","Betacoronavirus",0,9.28492601037875e+68
"3086","Myotis altarium","Betacoronavirus",0,4.30211867181392e+68
"3099","Myotis brandtii","Betacoronavirus",0,2.4458440136066e+68
"174","Pipistrellus hesperidus","Betacoronavirus",1,1.66451309973638e+68
"3010","Miniopterus natalensis","Betacoronavirus",0,8.19676533171466e+67
"2961","Lonchorhina marinkellei","Betacoronavirus",0,6.65283425848572e+67
"3064","Murina hilgendorfi","Betacoronavirus",0,5.3924892920444e+67
"2963","Lophostoma brasiliense","Betacoronavirus",0,2.73357106607957e+67
"3091","Myotis ater","Betacoronavirus",0,1.54979831049147e+67
"2828","Hipposideros demissus","Betacoronavirus",0,5.87184223488228e+66
"3045","Mormoops magna","Betacoronavirus",0,1.64579144777686e+66
"3222","Nycteris nana","Betacoronavirus",0,1.20440067679619e+66
"2592","Antrozous pallidus","Betacoronavirus",0,8.44962438666742e+65
"3261","Nyctophilus walkeri","Betacoronavirus",0,6.13235188778044e+65
"3254","Nyctophilus gouldi","Betacoronavirus",0,5.95818963317856e+65
"3251","Nyctophilus arnhemensis","Betacoronavirus",0,5.01134245850645e+65
"2837","Hipposideros gigas","Betacoronavirus",0,2.68685746585418e+65
"3226","Nycteris vinsoni","Betacoronavirus",0,2.13343977803119e+65
"3257","Nyctophilus microdon","Betacoronavirus",0,8.97070910042821e+64
"161","Megaerops niphanae","Betacoronavirus",1,8.3375560735083e+64
"3092","Myotis auriculus","Betacoronavirus",0,8.24600674553225e+64
"3253","Nyctophilus geoffroyi","Betacoronavirus",0,3.31213148622924e+64
"3258","Nyctophilus microtis","Betacoronavirus",0,2.38586362223929e+64
"2977","Megaerops kusnotoi","Betacoronavirus",0,2.36760828026499e+64
"3048","Mormopterus beccarii","Betacoronavirus",0,1.76767467150318e+64
"3221","Nycteris major","Betacoronavirus",0,1.50809810514457e+64
"3259","Nyctophilus nebulosus","Betacoronavirus",0,1.07985265543954e+64
"3256","Nyctophilus howensis","Betacoronavirus",0,8.5454638410849e+63
"3255","Nyctophilus heran","Betacoronavirus",0,7.97542525230575e+63
"2764","Euderma maculatum","Betacoronavirus",0,7.14193910328856e+63
"3249","Nyctinomops femorosaccus","Betacoronavirus",0,5.67374107235029e+63
"2766","Eumops auripendulus","Betacoronavirus",0,3.37846530940258e+63
"3252","Nyctophilus bifax","Betacoronavirus",0,1.40510728932204e+63
"3554","Syconycteris australis","Betacoronavirus",0,3.23281425148294e+62
"3248","Nyctinomops aurispinosus","Betacoronavirus",0,2.57009865166751e+62
"3223","Nycteris parisii","Betacoronavirus",0,2.09599317396243e+62
"3220","Nycteris madagascariensis","Betacoronavirus",0,1.71447187023828e+62
"3044","Mormoops blainvillei","Betacoronavirus",0,1.5916448126799e+62
"3555","Syconycteris carolinae","Betacoronavirus",0,1.47541473359995e+62
"3225","Nycteris tragata","Betacoronavirus",0,1.06686854841272e+62
"3556","Syconycteris hobbit","Betacoronavirus",0,9.08256612225433e+61
"3049","Mormopterus doriae","Betacoronavirus",0,1.17029285605223e+61
"3100","Myotis bucharensis","Betacoronavirus",0,8.42878515214914e+60
"3047","Mormopterus acetabulosus","Betacoronavirus",0,2.59768971986925e+60
"3043","Mops trevori","Betacoronavirus",0,1.67073490926478e+60
"3050","Mormopterus jugularis","Betacoronavirus",0,1.39121454697332e+60
"2978","Megaerops wetmorei","Betacoronavirus",0,4.46503748850704e+59
"3260","Nyctophilus timoriensis","Betacoronavirus",0,1.40471468655505e+59
"2763","Erophylla sezekorni","Betacoronavirus",0,1.13306255315681e+59
"2838","Hipposideros grandis","Betacoronavirus",0,7.1109991083666e+58
"2761","Eptesicus tatei","Betacoronavirus",0,2.30939228129561e+58
"2765","Eudiscopus denticulus","Betacoronavirus",0,1.8580288177624e+58
"2578","Acerodon jubatus","Betacoronavirus",0,1.2697187539721e+58
"2584","Ametrida centurio","Betacoronavirus",0,1.74125006036534e+57
"2839","Hipposideros halophyllus","Betacoronavirus",0,6.37219220145969e+56
"3009","Miniopterus minor","Betacoronavirus",0,1.57609043411369e+56
"2767","Eumops bonariensis","Betacoronavirus",0,1.4401108932251e+56
"3301","Pipistrellus endoi","Betacoronavirus",0,1.16738923881457e+56
"3227","Nycteris woodi","Betacoronavirus",0,3.76250964418241e+55
"3008","Miniopterus medius","Betacoronavirus",0,4.03604478291923e+54
"2778","Falsistrellus petersi","Betacoronavirus",0,9.61324108927808e+53
"2768","Eumops dabbenei","Betacoronavirus",0,2.10232393213998e+53
"2762","Erophylla bombifrons","Betacoronavirus",0,3.71637216087801e+52
"2590","Anoura luismanueli","Betacoronavirus",0,3.39501761715006e+52
"3300","Pipistrellus deserti","Betacoronavirus",0,2.56727420648282e+51
"3504","Saccolaimus saccolaimus","Betacoronavirus",0,1.45555881359644e+48
"3503","Saccolaimus peli","Betacoronavirus",0,1.89397213891467e+40
"3505","Saccopteryx antioquensis","Betacoronavirus",0,6.7784561433617e+39
"156","Hipposideros galeritus","Betacoronavirus",1,3.07162175713324e+33
"3502","Saccolaimus mixtus","Betacoronavirus",0,2.77206778798006e+33
"2987","Micronycteris megalotis","Betacoronavirus",0,1.20862634332467e+33
"2836","Hipposideros fulvus","Betacoronavirus",0,2.64316185549416e+28
"2834","Hipposideros edwardshilli","Betacoronavirus",0,1.92968499774663e+28
"2833","Hipposideros dyacorum","Betacoronavirus",0,1.87024722214226e+28
"2835","Hipposideros fuliginosus","Betacoronavirus",0,1.50322895667384e+28
"2679","Cloeotis percivali","Betacoronavirus",0,6.23624970761756e+25
"2989","Micronycteris minuta","Betacoronavirus",0,3.96779164924597e+24
"2988","Micronycteris microtis","Betacoronavirus",0,2.87786812726861e+24
"2991","Micronycteris schmidtorum","Betacoronavirus",0,1.93322559221609e+24
"2681","Coelops robinsoni","Betacoronavirus",0,1.06367285495065e+24
"2677","Cistugo lesueuri","Betacoronavirus",0,9.86430416817317e+23
"2676","Chrotopterus auritus","Betacoronavirus",0,9.80796915958042e+23
"2990","Micronycteris sanborni","Betacoronavirus",0,5.58662852752692e+23
"2982","Mesophylla macconnelli","Betacoronavirus",0,1.34107907950138e+23
"2678","Cistugo seabrae","Betacoronavirus",0,42758608008409710592
"2680","Coelops frithii","Betacoronavirus",0,30106337348096503808
"3280","Philetor brachypterus","Betacoronavirus",0,25316352531318894592
"2980","Melonycteris melanops","Betacoronavirus",0,508884457199920
"2983","Micronycteris brosseti","Betacoronavirus",0,387416885864735
"3278","Peropteryx trinitatis","Betacoronavirus",0,368118783291909
"2984","Micronycteris hirsuta","Betacoronavirus",0,146486920985168
"3279","Pharotis imogene","Betacoronavirus",0,125816411168538
"3281","Phoniscus aerosa","Betacoronavirus",0,99360814902877.1
"179","Ptenochirus jagori","Betacoronavirus",1,79192494318999.6
"2985","Micronycteris homezi","Betacoronavirus",0,75530924014881
"2986","Micronycteris matses","Betacoronavirus",0,69941798554543
"3283","Phoniscus jagorii","Betacoronavirus",0,27102554796834.2
"2981","Melonycteris woodfordi","Betacoronavirus",0,24938723064018.4
"3078","Myonycteris torquata","Betacoronavirus",0,716713841733.053
"3282","Phoniscus atrox","Betacoronavirus",0,39139501760.8066
"3277","Peropteryx macrotis","Betacoronavirus",0,2258621104.7925
"3077","Myonycteris relicta","Betacoronavirus",0,49834.851027285
"3079","Myopterus daubentonii","Betacoronavirus",0,47457.6511247602
"3075","Musonycteris harrisoni","Betacoronavirus",0,2488.99911905099
"3334","Plecotus balensis","Betacoronavirus",0,1077.34652365942
"3076","Myonycteris brachycephala","Betacoronavirus",0,726.15331245897
"3340","Promops centralis","Betacoronavirus",0,190.321421685474
"3342","Ptenochirus minor","Betacoronavirus",0,121.47173204033
"3073","Murina tubinaris","Betacoronavirus",0,110.386334434327
"3335","Plecotus kolombatovici","Betacoronavirus",0,97.4399175996273
"3338","Plecotus teneriffae","Betacoronavirus",0,69.0352207127429
"3336","Plecotus sardus","Betacoronavirus",0,54.0903396457337
"3337","Plecotus taivanus","Betacoronavirus",0,33.0170127708627
"3072","Murina tenebrosa","Betacoronavirus",0,9.95650796726894
"3233","Nyctimene aello","Betacoronavirus",0,8.76059237337063
"3074","Murina ussuriensis","Betacoronavirus",0,1.88977282736782
"3341","Promops nasutus","Betacoronavirus",0,1.61549992852578
"3239","Nyctimene keasti","Betacoronavirus",0,0.363194960499641
"3231","Nycticeius humeralis","Betacoronavirus",0,0.0895353837039376
"3234","Nyctimene albiventer","Betacoronavirus",0,0.0870850178303995
"3071","Murina suilla","Betacoronavirus",0,0.0573748287025971
"3228","Nycticeinops schlieffeni","Betacoronavirus",0,0.0302792219452913
"2611","Artibeus incomitatus","Betacoronavirus",0,0.0032648694247071
"3237","Nyctimene cyclotis","Betacoronavirus",0,0.000915325016444574
"3339","Plerotes anchietae","Betacoronavirus",0,0.000488452112664539
"3070","Murina silvatica","Betacoronavirus",0,0.000393824487717943
"3229","Nycticeius aenobarbus","Betacoronavirus",0,0.000320402787288784
"3240","Nyctimene major","Betacoronavirus",0,0.000122576334111313
"3238","Nyctimene draconilla","Betacoronavirus",0,4.79457603849285e-05
"3241","Nyctimene malaitensis","Betacoronavirus",0,1.63306017253539e-05
"3232","Nyctiellus lepidus","Betacoronavirus",0,8.41655101434711e-07
"3236","Nyctimene certans","Betacoronavirus",0,3.65472022165056e-07
"3230","Nycticeius cubanus","Betacoronavirus",0,1.24139853008492e-07
"3235","Nyctimene cephalotes","Betacoronavirus",0,1.15398579059744e-07
"3242","Nyctimene masalai","Betacoronavirus",0,9.11830458048973e-09
"2576","Acerodon celebensis","Betacoronavirus",0,0
"2579","Acerodon leucotis","Betacoronavirus",0,0
"2580","Acerodon mackloti","Betacoronavirus",0,0
"2582","Aethalops alecto","Betacoronavirus",0,0
"2591","Anthops ornatus","Betacoronavirus",0,0
"2593","Aproteles bulmerae","Betacoronavirus",0,0
"2601","Artibeus amplus","Betacoronavirus",0,0
"2602","Artibeus anderseni","Betacoronavirus",0,0
"2610","Artibeus hirsutus","Betacoronavirus",0,0
"2626","Brachyphylla cavernarum","Betacoronavirus",0,0
"2627","Brachyphylla nana","Betacoronavirus",0,0
"2630","Carollia castanea","Betacoronavirus",0,0
"2635","Centronycteris centralis","Betacoronavirus",0,0
"2636","Centronycteris maximiliani","Betacoronavirus",0,0
"2637","Centurio senex","Betacoronavirus",0,0
"2638","Chaerephon aloysiisabaudiae","Betacoronavirus",0,0
"2639","Chaerephon ansorgei","Betacoronavirus",0,0
"2640","Chaerephon bemmeleni","Betacoronavirus",0,0
"2641","Chaerephon bivittatus","Betacoronavirus",0,0
"2642","Chaerephon bregullae","Betacoronavirus",0,0
"2643","Chaerephon chapini","Betacoronavirus",0,0
"2644","Chaerephon gallagheri","Betacoronavirus",0,0
"2662","Cheiromeles parvidens","Betacoronavirus",0,0
"2663","Cheiromeles torquatus","Betacoronavirus",0,0
"2664","Chilonatalus micropus","Betacoronavirus",0,0
"2665","Chilonatalus tumidifrons","Betacoronavirus",0,0
"2666","Chiroderma doriae","Betacoronavirus",0,0
"2667","Chiroderma improvisum","Betacoronavirus",0,0
"2668","Chiroderma salvini","Betacoronavirus",0,0
"2669","Chiroderma trinitatum","Betacoronavirus",0,0
"2670","Chiroderma villosum","Betacoronavirus",0,0
"2671","Chironax melanocephalus","Betacoronavirus",0,0
"2672","Choeroniscus godmani","Betacoronavirus",0,0
"2673","Choeroniscus minor","Betacoronavirus",0,0
"2674","Choeroniscus periosus","Betacoronavirus",0,0
"2675","Choeronycteris mexicana","Betacoronavirus",0,0
"2682","Coleura afra","Betacoronavirus",0,0
"2683","Coleura seychellensis","Betacoronavirus",0,0
"2684","Cormura brevirostris","Betacoronavirus",0,0
"2685","Corynorhinus mexicanus","Betacoronavirus",0,0
"2708","Dobsonia chapmani","Betacoronavirus",0,0
"2709","Dobsonia crenulata","Betacoronavirus",0,0
"2710","Dobsonia emersa","Betacoronavirus",0,0
"2711","Dobsonia exoleta","Betacoronavirus",0,0
"2716","Dobsonia peronii","Betacoronavirus",0,0
"2717","Dobsonia praedatrix","Betacoronavirus",0,0
"2718","Dobsonia viridis","Betacoronavirus",0,0
"2719","Dyacopterus brooksi","Betacoronavirus",0,0
"2720","Ectophylla alba","Betacoronavirus",0,0
"2721","Emballonura alecto","Betacoronavirus",0,0
"2722","Emballonura atrata","Betacoronavirus",0,0
"2723","Emballonura beccarii","Betacoronavirus",0,0
"2724","Emballonura dianae","Betacoronavirus",0,0
"2725","Emballonura furax","Betacoronavirus",0,0
"2726","Emballonura monticola","Betacoronavirus",0,0
"2727","Emballonura raffrayana","Betacoronavirus",0,0
"2728","Emballonura semicaudata","Betacoronavirus",0,0
"2729","Emballonura serii","Betacoronavirus",0,0
"2730","Enchisthenes hartii","Betacoronavirus",0,0
"2739","Epomops buettikoferi","Betacoronavirus",0,0
"2760","Eptesicus platyops","Betacoronavirus",0,0
"2769","Eumops hansae","Betacoronavirus",0,0
"2770","Eumops maurus","Betacoronavirus",0,0
"2802","Glyphonycteris sylvestris","Betacoronavirus",0,0
"2803","Haplonycteris fischeri","Betacoronavirus",0,0
"2804","Harpiocephalus harpia","Betacoronavirus",0,0
"2805","Harpiocephalus mordax","Betacoronavirus",0,0
"2819","Hipposideros camerunensis","Betacoronavirus",0,0
"2831","Hipposideros doriae","Betacoronavirus",0,0
"2832","Hipposideros durgadasi","Betacoronavirus",0,0
"2840","Hipposideros hypophyllus","Betacoronavirus",0,0
"2841","Hipposideros inexpectatus","Betacoronavirus",0,0
"2842","Hipposideros inornatus","Betacoronavirus",0,0
"2843","Hipposideros jonesi","Betacoronavirus",0,0
"2905","Kerivoula eriophora","Betacoronavirus",0,0
"2906","Kerivoula flora","Betacoronavirus",0,0
"2907","Kerivoula hardwickii","Betacoronavirus",0,0
"2908","Kerivoula intermedia","Betacoronavirus",0,0
"2909","Kerivoula lanosa","Betacoronavirus",0,0
"2910","Kerivoula lenis","Betacoronavirus",0,0
"2911","Kerivoula minuta","Betacoronavirus",0,0
"2912","Kerivoula muscina","Betacoronavirus",0,0
"2931","Lasiurus degelidus","Betacoronavirus",0,0
"2932","Lasiurus ebenus","Betacoronavirus",0,0
"2952","Lonchophylla dekeyseri","Betacoronavirus",0,0
"2953","Lonchophylla handleyi","Betacoronavirus",0,0
"2954","Lonchophylla hesperia","Betacoronavirus",0,0
"2955","Lonchophylla mordax","Betacoronavirus",0,0
"2957","Lonchophylla thomasi","Betacoronavirus",0,0
"2975","Megaderma spasma","Betacoronavirus",0,0
"2976","Megaerops ecaudatus","Betacoronavirus",0,0
"2979","Melonycteris fardoulisi","Betacoronavirus",0,0
"2997","Mimon koepckeae","Betacoronavirus",0,0
"2998","Miniopterus africanus","Betacoronavirus",0,0
"3001","Miniopterus fuscus","Betacoronavirus",0,0
"3002","Miniopterus gleni","Betacoronavirus",0,0
"3007","Miniopterus manavi","Betacoronavirus",0,0
"3011","Miniopterus paululus","Betacoronavirus",0,0
"3020","Molossus aztecus","Betacoronavirus",0,0
"3021","Molossus barnesi","Betacoronavirus",0,0
"3039","Mops petersoni","Betacoronavirus",0,0
"3040","Mops sarasinorum","Betacoronavirus",0,0
"3041","Mops spurrelli","Betacoronavirus",0,0
"3042","Mops thersites","Betacoronavirus",0,0
"3051","Mormopterus kalinowskii","Betacoronavirus",0,0
"3052","Mormopterus loriae","Betacoronavirus",0,0
"3067","Murina puta","Betacoronavirus",0,0
"3068","Murina rozendaali","Betacoronavirus",0,0
"3069","Murina ryukyuana","Betacoronavirus",0,0
"3080","Myopterus whitleyi","Betacoronavirus",0,0
"3098","Myotis bombinus","Betacoronavirus",0,0
"3137","Myotis martiniquensis","Betacoronavirus",0,0
"3198","Neoromicia somalicus","Betacoronavirus",0,0
"3199","Neoromicia tenuipinnis","Betacoronavirus",0,0
"3200","Neoromicia zuluensis","Betacoronavirus",0,0
"3201","Noctilio albiventris","Betacoronavirus",0,0
"3202","Noctilio leporinus","Betacoronavirus",0,0
"3203","Notopteris macdonaldi","Betacoronavirus",0,0
"3204","Notopteris neocaledonica","Betacoronavirus",0,0
"3205","Nyctalus aviator","Betacoronavirus",0,0
"3216","Nycteris hispida","Betacoronavirus",0,0
"3217","Nycteris intermedia","Betacoronavirus",0,0
"3218","Nycteris javanica","Betacoronavirus",0,0
"3219","Nycteris macrotis","Betacoronavirus",0,0
"3243","Nyctimene minutus","Betacoronavirus",0,0
"3244","Nyctimene rabori","Betacoronavirus",0,0
"3245","Nyctimene robinsoni","Betacoronavirus",0,0
"3246","Nyctimene sanctacrucis","Betacoronavirus",0,0
"3247","Nyctimene vizcaccia","Betacoronavirus",0,0
"3262","Otomops formosus","Betacoronavirus",0,0
"3263","Otomops johnstonei","Betacoronavirus",0,0
"3264","Otomops madagascariensis","Betacoronavirus",0,0
"3265","Otomops martiensseni","Betacoronavirus",0,0
"3266","Otomops papuensis","Betacoronavirus",0,0
"3267","Otomops secundus","Betacoronavirus",0,0
"3268","Otomops wroughtoni","Betacoronavirus",0,0
"3269","Otonycteris hemprichii","Betacoronavirus",0,0
"3270","Otopteropus cartilagonodus","Betacoronavirus",0,0
"3271","Paracoelops megalotis","Betacoronavirus",0,0
"3272","Paranyctimene raptor","Betacoronavirus",0,0
"3273","Paranyctimene tenax","Betacoronavirus",0,0
"3274","Penthetor lucasi","Betacoronavirus",0,0
"3275","Peropteryx kappleri","Betacoronavirus",0,0
"3276","Peropteryx leucoptera","Betacoronavirus",0,0
"3284","Phoniscus papuensis","Betacoronavirus",0,0
"3285","Phylloderma stenops","Betacoronavirus",0,0
"3286","Phyllonycteris aphylla","Betacoronavirus",0,0
"3287","Phyllonycteris major","Betacoronavirus",0,0
"3288","Phyllonycteris poeyi","Betacoronavirus",0,0
"3289","Phyllops falcatus","Betacoronavirus",0,0
"3294","Pipistrellus adamsi","Betacoronavirus",0,0
"3295","Pipistrellus aero","Betacoronavirus",0,0
"3296","Pipistrellus angulatus","Betacoronavirus",0,0
"3297","Pipistrellus ceylonicus","Betacoronavirus",0,0
"3298","Pipistrellus collinus","Betacoronavirus",0,0
"3333","Plecotus austriacus","Betacoronavirus",0,0
"3350","Pteronotus personatus","Betacoronavirus",0,0
"3351","Pteronotus pristinus","Betacoronavirus",0,0
"3425","Rhinolophus celebensis","Betacoronavirus",0,0
"3480","Rhinopoma macinnesi","Betacoronavirus",0,0
"3481","Rhinopoma microphyllum","Betacoronavirus",0,0
"3482","Rhinopoma muscatellum","Betacoronavirus",0,0
"3483","Rhogeessa aeneus","Betacoronavirus",0,0
"3484","Rhogeessa alleni","Betacoronavirus",0,0
"3485","Rhogeessa genowaysi","Betacoronavirus",0,0
"3486","Rhogeessa gracilis","Betacoronavirus",0,0
"3495","Rousettus celebensis","Betacoronavirus",0,0
"3506","Saccopteryx bilineata","Betacoronavirus",0,0
"3507","Saccopteryx canescens","Betacoronavirus",0,0
"3508","Saccopteryx gymnura","Betacoronavirus",0,0
"3509","Saccopteryx leptura","Betacoronavirus",0,0
"3510","Sauromys petrophilus","Betacoronavirus",0,0
"3511","Scleronycteris ega","Betacoronavirus",0,0
"3512","Scoteanax rueppellii","Betacoronavirus",0,0
"3513","Scotoecus albigula","Betacoronavirus",0,0
"3514","Scotoecus albofuscus","Betacoronavirus",0,0
"3515","Scotoecus hindei","Betacoronavirus",0,0
"3516","Scotoecus hirundo","Betacoronavirus",0,0
"3517","Scotoecus pallidus","Betacoronavirus",0,0
"3518","Scotomanes ornatus","Betacoronavirus",0,0
"3519","Scotonycteris ophiodon","Betacoronavirus",0,0
"3520","Scotonycteris zenkeri","Betacoronavirus",0,0
"3521","Scotophilus borbonicus","Betacoronavirus",0,0
"3531","Scotorepens balstoni","Betacoronavirus",0,0
"3532","Scotorepens greyii","Betacoronavirus",0,0
"3533","Scotorepens orion","Betacoronavirus",0,0
"3534","Scotorepens sanborni","Betacoronavirus",0,0
"3535","Scotozous dormeri","Betacoronavirus",0,0
"3536","Sphaerias blanfordi","Betacoronavirus",0,0
"3537","Sphaeronycteris toxophyllum","Betacoronavirus",0,0
"3538","Stenoderma rufum","Betacoronavirus",0,0
"3553","Styloctenium wallacei","Betacoronavirus",0,0
"3580","Thoopterus nigrescens","Betacoronavirus",0,0
"3581","Thyroptera discifera","Betacoronavirus",0,0
"3582","Thyroptera lavali","Betacoronavirus",0,0
"3583","Thyroptera tricolor","Betacoronavirus",0,0
"3584","Tomopeas ravus","Betacoronavirus",0,0
"3585","Tonatia bidens","Betacoronavirus",0,0
"3586","Tonatia saurophila","Betacoronavirus",0,0
"3587","Trachops cirrhosus","Betacoronavirus",0,0
"3591","Trinycteris nicefori","Betacoronavirus",0,0
"3595","Vampyressa bidens","Betacoronavirus",0,0
"3596","Vampyressa brocki","Betacoronavirus",0,0
"3597","Vampyressa melissa","Betacoronavirus",0,0
"3598","Vampyressa nymphaea","Betacoronavirus",0,0
"3599","Vampyressa pusilla","Betacoronavirus",0,0
"3600","Vampyressa thyone","Betacoronavirus",0,0
"3602","Vampyrum spectrum","Betacoronavirus",0,0
